ID,Name,Age,Marks,Grade
1,David Williams,23,72,D
2,David Brown,20,65,A
3,Chris Martinez,23,58,C
4,Bob Jones,21,76,F
5,Chris Jones,18,83,A
6,Chris Jones,22,54,C
7,Emma Johnson,21,99,D
8,Emily Davis,20,96,E
9,Emily Brown,20,81,A
10,Emma Miller,21,82,B
11,Daniel Rodriguez,22,96,F
12,Alice Jones,18,65,D
13,Bob Garcia,20,60,E
14,Emily Martinez,24,73,D
15,David Davis,23,56,F
16,Chris Jones,25,95,D
17,Olivia Smith,24,57,B
18,Olivia Miller,18,59,B
19,Sophia Brown,24,46,C
20,Alice Miller,18,63,F
21,Daniel Garcia,25,94,B
22,Emma Miller,19,70,A
23,Olivia Johnson,22,68,F
24,Sophia Johnson,21,53,B
25,Sophia Brown,19,44,B
26,Sophia Garcia,22,68,F
27,Alice Williams,18,67,C
28,Olivia Jones,23,77,A
29,Emily Smith,23,88,F
30,Alice Johnson,23,56,A
31,Emma Williams,21,97,E
32,Emma Williams,25,60,F
33,Bob Martinez,25,61,D
34,David Martinez,22,62,D
35,Sophia Smith,22,46,B
36,Chris Williams,22,85,B
37,John Jones,19,88,F
38,Daniel Davis,25,91,F
39,Sophia Davis,24,90,D
40,Chris Williams,22,91,C
41,Emily Davis,18,53,F
42,Sophia Martinez,18,40,B
43,Olivia Johnson,24,40,F
44,Emily Martinez,24,41,E
45,Chris Miller,22,59,C
46,Alice Williams,22,61,A
47,Emma Martinez,21,79,D
48,Sophia Johnson,19,93,C
49,David Williams,25,58,D
50,Emma Smith,23,62,F
51,Daniel Smith,25,96,F
52,Alice Rodriguez,23,55,E
53,Sophia Johnson,25,98,F
54,Chris Brown,22,97,C
55,David Smith,18,87,F
56,Olivia Davis,24,46,C
57,Bob Rodriguez,18,55,E
58,Emma Williams,21,71,C
59,Sophia Davis,25,95,A
60,Alice Jones,19,75,A
61,David Martinez,25,66,E
62,Chris Rodriguez,18,92,F
63,Olivia Davis,19,62,F
64,Olivia Jones,20,82,C
65,Olivia Rodriguez,22,89,B
66,Sophia Miller,24,43,D
67,Sophia Johnson,23,61,B
68,Emma Williams,20,100,F
69,Daniel Johnson,22,100,F
70,Emma Jones,22,99,A
71,Bob Johnson,24,91,D
72,Daniel Garcia,24,76,E
73,Alice Johnson,18,65,A
74,Chris Brown,24,69,B
75,John Rodriguez,20,46,D
76,Emily Williams,24,97,C
77,David Rodriguez,20,58,C
78,Emma Davis,19,66,D
79,John Davis,19,71,D
80,Bob Miller,20,97,D
81,David Brown,20,62,B
82,Olivia Williams,20,97,F
83,Bob Garcia,22,98,A
84,Emma Miller,18,47,E
85,Daniel Garcia,20,90,F
86,Emily Brown,25,70,C
87,David Martinez,22,98,E
88,David Davis,22,93,D
89,Daniel Martinez,21,55,E
90,Chris Martinez,24,83,B
91,Bob Johnson,20,100,A
92,David Miller,25,100,F
93,Sophia Rodriguez,20,77,D
94,Chris Jones,22,60,A
95,Olivia Smith,20,92,C
96,David Williams,20,79,F
97,John Jones,22,91,E
98,Emma Jones,23,88,A
99,Alice Brown,21,41,F
100,Alice Brown,25,50,A
101,Emma Rodriguez,21,85,F
102,Alice Jones,18,69,A
103,Sophia Davis,25,84,F
104,Emily Davis,24,87,A
105,Daniel Miller,20,66,C
106,Sophia Rodriguez,22,89,A
107,Bob Brown,20,72,F
108,John Jones,18,89,B
109,John Davis,23,96,C
110,Emily Garcia,21,95,E
111,Sophia Smith,21,76,C
112,John Miller,18,80,C
113,Olivia Johnson,18,98,F
114,Chris Brown,19,97,C
115,Olivia Brown,19,50,B
116,Chris Martinez,24,51,C
117,Alice Brown,20,88,C
118,David Johnson,20,43,D
119,Alice Davis,22,57,B
120,Emma Garcia,20,88,C
121,Bob Williams,18,74,B
122,Bob Martinez,25,55,C
123,Alice Johnson,24,67,E
124,Olivia Brown,25,100,E
125,Daniel Brown,21,43,B
126,Sophia Garcia,19,90,C
127,Bob Brown,23,69,E
128,Emily Davis,25,51,F
129,Alice Garcia,19,86,F
130,Bob Jones,21,61,B
131,Alice Brown,20,96,E
132,Olivia Martinez,25,96,F
133,Emily Garcia,18,86,C
134,Emma Miller,23,96,B
135,David Johnson,19,61,C
136,Alice Johnson,23,70,B
137,Alice Miller,21,67,C
138,Alice Martinez,21,75,C
139,Bob Williams,20,54,C
140,David Martinez,23,87,D
141,Chris Smith,19,51,D
142,Chris Miller,20,67,B
143,Bob Miller,20,48,A
144,David Williams,23,64,C
145,Emily Brown,23,96,A
146,Sophia Martinez,21,48,A
147,Sophia Brown,24,86,F
148,Sophia Martinez,24,98,E
149,Emily Miller,18,93,A
150,Emma Davis,18,44,D
151,Bob Davis,18,89,C
152,Emily Jones,25,77,C
153,Chris Davis,18,52,A
154,Chris Brown,22,61,B
155,Olivia Rodriguez,24,67,E
156,Bob Davis,18,46,E
157,Chris Williams,22,72,F
158,Emma Martinez,23,94,C
159,Sophia Garcia,24,64,A
160,Chris Jones,18,95,C
161,Emily Johnson,22,97,D
162,Olivia Williams,21,84,C
163,Olivia Garcia,24,97,B
164,Daniel Jones,20,85,F
165,Sophia Miller,23,62,B
166,Chris Rodriguez,20,95,D
167,Chris Davis,19,46,D
168,Emma Miller,19,45,B
169,Olivia Davis,25,65,C
170,Bob Brown,20,61,F
171,Emma Smith,23,56,B
172,Emily Jones,20,70,F
173,Sophia Smith,19,41,F
174,Emily Martinez,22,76,A
175,David Smith,21,85,A
176,John Williams,20,51,C
177,David Rodriguez,22,57,A
178,Olivia Martinez,23,49,D
179,John Davis,24,76,A
180,Bob Rodriguez,21,46,B
181,Bob Brown,21,49,D
182,Daniel Garcia,19,77,D
183,David Miller,24,89,E
184,John Jones,25,86,D
185,Emily Jones,23,61,F
186,Chris Jones,23,50,D
187,Sophia Jones,25,58,A
188,Sophia Davis,20,49,E
189,Chris Jones,24,85,A
190,Emily Johnson,18,62,B
191,Sophia Miller,22,86,E
192,Alice Garcia,25,48,B
193,Olivia Smith,25,80,C
194,Olivia Miller,19,47,A
195,Olivia Garcia,20,99,C
196,John Davis,20,64,D
197,Emily Smith,25,84,C
198,Chris Jones,23,78,E
199,Emily Miller,25,92,B
200,David Miller,24,92,E
201,Chris Rodriguez,20,76,C
202,Emily Williams,24,70,A
203,Alice Brown,22,53,E
204,Daniel Jones,25,49,C
205,Daniel Miller,21,59,C
206,Emily Miller,24,86,C
207,Emily Rodriguez,24,58,E
208,Bob Davis,21,61,E
209,Emma Miller,20,96,B
210,Alice Garcia,24,51,D
211,Alice Martinez,25,43,C
212,Chris Martinez,18,83,D
213,Emily Jones,22,92,F
214,Daniel Garcia,22,46,C
215,Alice Miller,25,45,A
216,Sophia Williams,25,47,D
217,Bob Garcia,19,73,A
218,John Brown,20,64,C
219,Chris Davis,21,54,B
220,David Brown,18,97,B
221,Chris Johnson,25,92,E
222,Sophia Johnson,19,81,F
223,Emma Johnson,25,75,F
224,David Williams,24,82,F
225,Emma Davis,25,93,B
226,Chris Jones,21,54,D
227,Daniel Rodriguez,23,48,F
228,Daniel Rodriguez,22,70,C
229,Alice Martinez,24,43,B
230,Daniel Williams,22,59,B
231,Chris Miller,19,75,F
232,Daniel Jones,25,94,C
233,Sophia Brown,23,90,D
234,Olivia Rodriguez,23,91,C
235,Alice Martinez,20,56,F
236,Sophia Brown,22,92,B
237,Emily Davis,21,44,D
238,John Miller,23,63,E
239,Alice Williams,25,74,D
240,Alice Smith,20,100,B
241,Daniel Rodriguez,20,49,B
242,Chris Garcia,18,68,A
243,Emily Garcia,23,44,A
244,David Garcia,20,86,C
245,Emma Martinez,24,52,B
246,Daniel Miller,24,68,E
247,Bob Miller,22,70,C
248,Emily Rodriguez,25,89,B
249,Olivia Brown,19,43,F
250,Emily Smith,20,72,E
251,Alice Martinez,19,76,D
252,Emily Smith,20,99,F
253,Daniel Rodriguez,25,67,E
254,John Smith,25,77,A
255,John Martinez,24,56,F
256,Emma Rodriguez,19,55,D
257,Bob Davis,20,68,F
258,David Rodriguez,19,40,F
259,Sophia Garcia,21,53,C
260,David Johnson,21,47,F
261,David Brown,21,54,B
262,Emily Jones,19,84,A
263,Bob Brown,21,55,E
264,David Williams,24,42,D
265,Sophia Jones,25,64,A
266,Bob Williams,24,40,A
267,Bob Rodriguez,25,42,E
268,Emily Jones,18,65,F
269,Emily Smith,22,83,D
270,Emily Smith,22,85,D
271,Daniel Brown,22,96,C
272,David Johnson,21,53,A
273,John Garcia,24,52,E
274,Olivia Garcia,22,90,F
275,John Miller,22,63,B
276,Daniel Smith,24,80,B
277,Chris Williams,22,98,D
278,David Martinez,19,60,B
279,Emily Smith,22,92,A
280,Bob Jones,18,51,E
281,Chris Brown,23,71,A
282,Olivia Johnson,21,94,B
283,Emma Jones,23,40,E
284,Emily Brown,20,74,E
285,Sophia Rodriguez,23,70,A
286,John Williams,23,69,F
287,Sophia Williams,20,55,D
288,Alice Davis,20,44,E
289,Emma Jones,24,87,F
290,Olivia Williams,23,92,C
291,David Brown,23,58,C
292,John Martinez,18,43,E
293,Bob Brown,22,49,F
294,Sophia Rodriguez,23,52,B
295,Emma Williams,18,51,F
296,Emily Garcia,21,60,D
297,John Miller,20,49,A
298,Emily Brown,20,88,C
299,Emma Garcia,23,47,C
300,Olivia Johnson,25,90,C
301,Alice Johnson,21,93,E
302,Sophia Jones,23,52,D
303,Chris Johnson,24,59,D
304,Sophia Williams,21,71,A
305,Olivia Johnson,21,90,E
306,Bob Jones,18,99,D
307,John Martinez,25,56,F
308,Olivia Davis,19,89,E
309,Sophia Miller,24,89,C
310,Emma Johnson,24,43,F
311,Olivia Brown,25,90,C
312,John Miller,23,93,F
313,David Brown,18,41,D
314,Daniel Johnson,20,84,F
315,Bob Johnson,20,78,A
316,Chris Brown,24,48,E
317,Chris Johnson,19,64,A
318,Emily Miller,24,41,D
319,Daniel Smith,23,80,D
320,Chris Miller,23,100,F
321,Alice Miller,19,86,F
322,David Williams,21,72,D
323,Chris Johnson,21,81,D
324,Emma Davis,25,94,D
325,Alice Rodriguez,19,61,E
326,Olivia Brown,23,48,F
327,Emily Davis,22,40,D
328,Bob Garcia,20,97,B
329,Daniel Martinez,23,68,A
330,Emily Miller,21,44,E
331,Daniel Davis,19,99,B
332,Emily Jones,25,90,E
333,Emma Miller,24,83,B
334,Emily Garcia,19,49,F
335,Chris Brown,24,45,D
336,John Martinez,19,42,D
337,Olivia Jones,20,47,F
338,Alice Rodriguez,20,56,A
339,Olivia Garcia,21,49,D
340,David Johnson,20,54,A
341,Emily Johnson,20,81,B
342,Daniel Garcia,23,65,A
343,John Miller,20,43,E
344,Alice Davis,22,44,D
345,David Brown,21,82,B
346,Olivia Jones,25,64,F
347,Emma Jones,20,43,A
348,Emma Brown,23,63,B
349,Sophia Rodriguez,25,93,C
350,Olivia Martinez,25,83,F
351,Emma Davis,23,85,E
352,Emily Miller,19,63,C
353,Bob Johnson,24,94,C
354,David Johnson,22,66,B
355,Bob Martinez,25,100,E
356,David Williams,20,88,E
357,Sophia Martinez,20,82,E
358,Daniel Brown,19,42,C
359,Emma Williams,19,40,E
360,John Williams,21,83,A
361,Chris Martinez,24,49,D
362,Olivia Rodriguez,24,62,F
363,Emma Brown,22,84,C
364,Daniel Davis,20,78,C
365,Sophia Rodriguez,22,78,A
366,Chris Johnson,21,87,F
367,Alice Brown,25,79,B
368,John Smith,24,79,F
369,Olivia Johnson,18,60,B
370,Emma Smith,19,47,F
371,John Johnson,22,87,C
372,Daniel Garcia,25,50,E
373,Sophia Jones,23,59,D
374,Alice Garcia,23,91,F
375,Emily Johnson,21,53,A
376,Emma Brown,24,89,A
377,Sophia Garcia,21,70,A
378,Sophia Johnson,24,87,C
379,Sophia Jones,20,93,F
380,Emma Smith,18,85,A
381,John Smith,22,53,B
382,David Garcia,23,69,C
383,Alice Miller,18,73,B
384,Daniel Johnson,23,87,D
385,John Martinez,22,48,D
386,Alice Johnson,18,99,F
387,Emily Smith,19,46,E
388,Olivia Smith,19,89,A
389,Olivia Martinez,25,76,D
390,Daniel Miller,24,93,F
391,Bob Williams,19,86,F
392,Daniel Smith,20,98,A
393,Chris Jones,22,49,E
394,Daniel Rodriguez,22,40,A
395,Daniel Miller,18,58,D
396,Daniel Brown,18,45,F
397,Bob Garcia,21,79,A
398,Emily Williams,23,42,B
399,Daniel Williams,18,60,B
400,Emily Johnson,19,81,E
401,Daniel Garcia,24,88,F
402,Emily Rodriguez,20,86,E
403,Alice Smith,24,56,C
404,John Johnson,19,42,A
405,Emma Jones,18,46,B
406,Bob Miller,24,70,E
407,Emily Rodriguez,24,66,E
408,Sophia Johnson,20,73,F
409,Daniel Davis,22,48,F
410,Bob Jones,25,85,C
411,David Davis,18,76,B
412,Emily Miller,23,75,A
413,Bob Miller,20,74,B
414,Olivia Garcia,23,44,D
415,Sophia Jones,21,53,B
416,David Williams,25,44,F
417,Chris Garcia,23,90,D
418,Sophia Smith,22,41,C
419,Emily Martinez,22,42,F
420,Daniel Rodriguez,21,77,D
421,Chris Martinez,23,94,B
422,Emily Smith,21,82,D
423,Sophia Martinez,19,77,D
424,Emily Brown,25,58,E
425,Emily Jones,22,65,C
426,Olivia Martinez,20,79,C
427,John Williams,18,87,C
428,Bob Garcia,20,97,F
429,Emma Miller,22,99,E
430,Sophia Rodriguez,22,53,B
431,John Rodriguez,23,90,B
432,John Rodriguez,23,97,E
433,Emma Garcia,21,40,D
434,John Johnson,22,53,B
435,Emma Garcia,20,68,D
436,Daniel Johnson,21,51,D
437,Olivia Brown,19,74,D
438,David Martinez,21,50,E
439,Daniel Martinez,22,76,F
440,Emma Davis,23,40,B
441,Emily Davis,23,41,E
442,John Martinez,18,84,D
443,David Rodriguez,22,73,C
444,Sophia Johnson,21,62,E
445,Alice Smith,24,63,B
446,Emma Johnson,18,44,C
447,David Martinez,20,92,A
448,Chris Jones,18,68,A
449,Chris Davis,18,85,E
450,John Brown,22,93,F
451,Daniel Brown,19,85,D
452,Daniel Johnson,20,59,A
453,John Garcia,20,57,E
454,Daniel Williams,23,60,F
455,Daniel Brown,24,73,E
456,Emily Garcia,19,48,C
457,Bob Davis,21,50,D
458,Chris Martinez,18,95,F
459,Olivia Garcia,24,99,E
460,Emily Miller,23,63,A
461,Sophia Davis,18,60,B
462,David Williams,23,42,D
463,John Williams,25,50,F
464,Bob Smith,19,71,D
465,Bob Rodriguez,24,72,F
466,Sophia Davis,18,72,B
467,Emily Johnson,22,64,B
468,Chris Smith,20,61,F
469,Bob Williams,23,96,F
470,Emily Brown,24,69,E
471,Sophia Brown,23,53,B
472,Emily Brown,20,43,B
473,Alice Jones,20,87,C
474,Emily Davis,18,57,F
475,Emily Miller,23,66,C
476,Sophia Rodriguez,22,52,F
477,Alice Jones,23,45,F
478,Sophia Brown,20,67,E
479,Sophia Miller,25,89,F
480,Sophia Williams,21,90,F
481,Emma Johnson,23,43,C
482,Alice Davis,23,89,B
483,David Garcia,22,78,C
484,Sophia Brown,22,66,F
485,Bob Martinez,22,77,A
486,David Miller,25,59,F
487,Alice Brown,24,100,D
488,Chris Garcia,20,92,D
489,Sophia Miller,24,59,C
490,Olivia Brown,25,73,C
491,Chris Martinez,20,64,D
492,Bob Garcia,22,47,E
493,Alice Garcia,25,81,E
494,Sophia Garcia,20,68,E
495,Sophia Miller,19,93,F
496,Bob Johnson,20,72,E
497,Emily Johnson,22,68,E
498,Emma Johnson,18,50,D
499,Olivia Jones,24,70,A
500,Olivia Garcia,19,66,A
501,John Williams,24,65,A
502,Daniel Smith,21,84,D
503,Chris Smith,22,59,C
504,Daniel Martinez,18,58,D
505,Sophia Smith,20,100,C
506,Emily Johnson,22,93,D
507,David Brown,18,65,F
508,Chris Smith,24,48,B
509,Emily Miller,23,44,F
510,Emily Garcia,20,84,F
511,Olivia Johnson,22,65,D
512,Emma Miller,18,67,C
513,Chris Jones,20,96,A
514,Emma Rodriguez,23,78,D
515,David Davis,21,66,B
516,Olivia Williams,21,73,A
517,David Martinez,23,77,F
518,Emma Brown,25,41,E
519,Daniel Martinez,23,45,C
520,Emily Miller,25,79,C
521,Daniel Garcia,22,53,C
522,John Brown,20,80,B
523,Chris Williams,18,93,A
524,Olivia Garcia,20,88,A
525,Chris Garcia,22,43,F
526,Sophia Martinez,22,43,C
527,Bob Garcia,20,84,A
528,Emma Jones,19,64,D
529,David Davis,24,98,E
530,Bob Williams,21,46,E
531,Sophia Martinez,22,95,A
532,Daniel Miller,19,44,D
533,Sophia Smith,21,67,A
534,John Garcia,25,81,E
535,Olivia Rodriguez,25,94,E
536,John Miller,23,78,F
537,Bob Davis,18,82,A
538,John Davis,25,52,E
539,Emily Davis,19,64,D
540,Chris Brown,20,78,F
541,Sophia Jones,24,50,D
542,Bob Martinez,23,46,D
543,John Brown,20,41,E
544,Emily Martinez,21,96,B
545,Daniel Brown,19,43,D
546,Emily Johnson,21,59,D
547,John Jones,18,74,D
548,Daniel Davis,25,47,F
549,Emma Martinez,21,50,D
550,Emma Smith,22,48,D
551,Emily Williams,19,57,F
552,Olivia Miller,19,73,D
553,Emily Jones,19,92,D
554,Sophia Garcia,22,69,E
555,Alice Williams,22,88,E
556,Bob Jones,18,81,F
557,Sophia Rodriguez,19,56,A
558,David Brown,22,76,C
559,Alice Jones,22,92,E
560,David Davis,20,40,D
561,Chris Brown,20,95,B
562,Bob Brown,19,78,C
563,Olivia Davis,23,52,F
564,Olivia Miller,22,91,F
565,Olivia Jones,22,45,B
566,Bob Rodriguez,24,100,B
567,Daniel Jones,19,96,C
568,Emily Smith,25,63,F
569,David Martinez,25,70,D
570,Alice Davis,20,85,D
571,Emily Garcia,18,58,D
572,David Rodriguez,20,47,C
573,Emma Davis,19,55,C
574,David Jones,22,78,E
575,Olivia Jones,25,84,A
576,Sophia Garcia,25,61,B
577,David Smith,24,86,B
578,Chris Rodriguez,24,87,F
579,David Johnson,25,89,A
580,Olivia Garcia,18,95,C
581,Alice Smith,20,47,E
582,Bob Johnson,23,73,B
583,Sophia Brown,23,78,C
584,Alice Smith,23,64,B
585,John Jones,18,74,A
586,Emma Jones,21,99,B
587,John Miller,19,84,F
588,Daniel Williams,25,45,B
589,David Johnson,18,66,D
590,Bob Williams,25,98,D
591,Emma Miller,19,90,F
592,Sophia Smith,25,76,A
593,Sophia Johnson,25,72,C
594,Alice Jones,25,80,D
595,Bob Brown,22,75,C
596,Alice Jones,20,80,F
597,Emily Davis,18,71,E
598,Emily Martinez,22,47,D
599,Bob Johnson,21,82,B
600,Alice Brown,22,43,D
601,Emma Williams,19,61,E
602,Emma Martinez,21,100,E
603,John Brown,18,80,D
604,Alice Williams,24,79,D
605,John Johnson,25,58,E
606,Bob Davis,19,58,C
607,Bob Brown,23,40,D
608,Bob Rodriguez,18,85,F
609,Sophia Smith,21,52,B
610,David Williams,25,52,F
611,John Williams,21,48,F
612,Bob Williams,25,67,E
613,John Smith,23,84,D
614,Daniel Brown,19,91,E
615,Sophia Rodriguez,23,72,C
616,David Rodriguez,19,64,D
617,Emily Jones,24,51,C
618,Chris Miller,19,87,E
619,John Johnson,19,90,B
620,Emily Williams,19,56,B
621,Chris Rodriguez,24,58,C
622,Olivia Davis,21,56,E
623,John Miller,19,78,A
624,Daniel Jones,19,58,B
625,Daniel Davis,22,44,C
626,Emily Johnson,20,45,E
627,Sophia Rodriguez,21,97,B
628,Emily Martinez,23,48,F
629,Chris Smith,21,98,F
630,Sophia Brown,24,54,F
631,Emma Smith,19,42,B
632,Bob Garcia,21,41,D
633,Alice Davis,25,82,F
634,Sophia Rodriguez,23,41,E
635,Bob Jones,23,65,F
636,Chris Rodriguez,23,98,C
637,Daniel Miller,25,55,B
638,Daniel Williams,22,77,A
639,Alice Martinez,21,97,A
640,Daniel Jones,25,59,E
641,David Jones,23,82,D
642,Olivia Martinez,23,100,F
643,David Garcia,23,90,F
644,Alice Smith,21,49,D
645,Sophia Davis,22,93,E
646,Chris Davis,18,57,E
647,Alice Smith,19,81,A
648,Bob Martinez,23,42,D
649,Emily Smith,25,55,F
650,Olivia Brown,24,78,B
651,Daniel Williams,20,90,D
652,Alice Garcia,18,50,E
653,Chris Smith,23,80,F
654,John Jones,25,61,C
655,Emma Smith,23,65,E
656,Emily Johnson,21,79,D
657,Olivia Brown,22,68,F
658,Bob Jones,22,54,D
659,Alice Johnson,20,65,A
660,Daniel Miller,21,53,F
661,Bob Johnson,19,45,A
662,Olivia Jones,18,45,F
663,Sophia Rodriguez,18,55,A
664,Sophia Jones,18,61,D
665,John Martinez,19,69,C
666,Alice Smith,20,78,D
667,John Smith,24,69,B
668,Emily Miller,25,67,B
669,Olivia Davis,20,98,E
670,Emily Garcia,18,70,C
671,Daniel Martinez,25,94,B
672,Chris Davis,19,41,A
673,Emily Brown,25,69,E
674,Alice Smith,20,96,D
675,Olivia Rodriguez,18,41,F
676,Sophia Johnson,25,65,B
677,Sophia Davis,23,47,A
678,Emma Rodriguez,20,85,D
679,Bob Rodriguez,18,52,C
680,Sophia Davis,22,51,B
681,Chris Martinez,23,74,C
682,John Johnson,23,74,D
683,Sophia Martinez,23,48,C
684,David Garcia,20,80,D
685,John Miller,25,97,E
686,David Rodriguez,22,53,E
687,Emily Rodriguez,22,91,C
688,David Johnson,19,43,C
689,Emma Davis,23,50,F
690,Sophia Smith,20,47,F
691,Alice Davis,18,51,B
692,Daniel Garcia,23,88,B
693,Alice Johnson,24,85,A
694,Chris Williams,25,60,E
695,David Davis,18,40,A
696,Bob Miller,18,62,F
697,Daniel Garcia,19,94,E
698,Olivia Brown,21,64,C
699,Chris Brown,21,62,B
700,Emily Miller,19,46,E
701,Sophia Garcia,24,47,F
702,John Johnson,23,85,D
703,Sophia Garcia,23,41,D
704,Emily Jones,18,93,D
705,Alice Smith,21,87,A
706,John Martinez,22,53,E
707,Emily Johnson,20,62,A
708,Chris Garcia,22,91,B
709,John Jones,20,53,E
710,Daniel Brown,24,87,B
711,Emily Jones,18,55,F
712,Sophia Garcia,23,79,F
713,Emily Rodriguez,18,87,E
714,Emma Williams,24,59,A
715,Olivia Jones,21,81,E
716,Daniel Johnson,21,49,E
717,John Brown,22,70,E
718,Sophia Garcia,22,52,E
719,Alice Martinez,22,88,E
720,Chris Williams,18,68,E
721,Emma Brown,21,54,D
722,Emily Jones,25,50,E
723,David Miller,21,55,B
724,Emma Brown,23,77,A
725,Chris Jones,23,43,F
726,Chris Garcia,18,74,C
727,David Martinez,19,46,C
728,Olivia Williams,21,47,D
729,Emily Rodriguez,19,50,D
730,Emma Johnson,18,86,C
731,Olivia Johnson,19,56,B
732,Sophia Martinez,20,67,E
733,John Jones,19,90,D
734,Olivia Jones,25,72,F
735,David Jones,18,97,B
736,Alice Smith,18,67,F
737,Emily Garcia,22,40,D
738,Daniel Jones,20,98,D
739,David Garcia,23,83,B
740,Daniel Williams,24,97,F
741,Emily Martinez,24,62,A
742,Emily Miller,24,69,F
743,Chris Johnson,20,84,F
744,David Miller,25,86,F
745,Olivia Rodriguez,24,95,F
746,Emily Williams,20,40,B
747,Sophia Jones,25,42,E
748,David Brown,25,59,F
749,Alice Jones,23,57,B
750,Alice Jones,22,89,F
751,Daniel Martinez,24,47,B
752,Daniel Davis,25,65,A
753,Chris Jones,25,40,E
754,Chris Williams,23,73,A
755,Daniel Williams,19,52,B
756,John Jones,19,54,D
757,Olivia Smith,20,60,B
758,John Davis,20,84,F
759,Alice Garcia,19,66,C
760,Bob Miller,21,51,A
761,Emma Garcia,18,53,C
762,Emma Miller,19,64,B
763,Daniel Davis,22,81,E
764,John Martinez,25,91,A
765,Emma Smith,20,83,B
766,Daniel Jones,24,69,A
767,David Brown,25,71,E
768,David Smith,25,40,A
769,Olivia Davis,19,74,B
770,Emily Rodriguez,21,52,D
771,Emily Rodriguez,20,85,B
772,John Smith,19,81,F
773,Sophia Brown,25,97,B
774,Emma Martinez,20,85,B
775,Bob Jones,21,76,E
776,Sophia Martinez,18,58,B
777,Emma Smith,23,79,D
778,Alice Martinez,23,55,E
779,Emma Rodriguez,25,46,B
780,Sophia Miller,18,75,A
781,Daniel Martinez,19,46,B
782,Emily Johnson,20,54,A
783,John Davis,18,72,A
784,Daniel Rodriguez,22,44,C
785,David Williams,23,66,F
786,Emily Martinez,21,90,C
787,Bob Martinez,21,99,E
788,David Jones,25,42,E
789,Sophia Rodriguez,19,41,F
790,Alice Brown,23,83,D
791,Daniel Smith,19,67,F
792,Olivia Miller,18,67,F
793,John Martinez,20,80,F
794,Chris Davis,23,41,A
795,Bob Jones,23,56,A
796,Alice Smith,24,52,F
797,John Williams,20,76,C
798,Chris Garcia,22,60,E
799,Bob Williams,21,60,A
800,Chris Rodriguez,19,82,F
801,Chris Williams,20,90,A
802,Sophia Martinez,20,95,F
803,John Brown,22,56,A
804,Emily Garcia,23,77,F
805,John Davis,20,72,C
806,Emma Johnson,23,44,D
807,Alice Miller,20,61,A
808,Emily Smith,20,95,C
809,Olivia Garcia,24,95,D
810,Chris Smith,23,42,B
811,Daniel Johnson,23,51,B
812,David Williams,21,68,D
813,Daniel Johnson,23,40,A
814,John Smith,21,55,D
815,David Davis,19,59,C
816,David Jones,21,95,B
817,Alice Miller,22,43,A
818,Daniel Davis,25,48,D
819,Sophia Jones,19,58,F
820,Sophia Johnson,23,73,D
821,John Jones,24,84,B
822,Daniel Smith,25,58,B
823,David Rodriguez,21,89,D
824,Bob Williams,24,63,A
825,Chris Miller,24,74,F
826,Bob Rodriguez,23,86,C
827,Sophia Smith,22,98,F
828,Daniel Jones,22,57,C
829,David Martinez,20,77,E
830,Emma Johnson,25,58,F
831,Bob Davis,20,75,A
832,Daniel Rodriguez,25,75,B
833,Emily Smith,22,86,C
834,Olivia Williams,22,93,C
835,Sophia Davis,23,87,F
836,Sophia Rodriguez,23,94,C
837,Chris Smith,20,90,D
838,Chris Williams,24,50,F
839,John Williams,21,77,E
840,Bob Jones,22,72,C
841,Emma Jones,20,77,C
842,Emily Davis,21,87,B
843,Emma Jones,23,77,B
844,Daniel Williams,25,92,D
845,John Rodriguez,21,78,F
846,Olivia Johnson,25,61,B
847,Bob Garcia,22,53,D
848,John Garcia,18,44,A
849,Sophia Miller,20,51,B
850,John Smith,24,75,D
851,John Brown,19,55,F
852,David Williams,24,75,C
853,Emma Jones,25,42,D
854,Emma Martinez,22,81,D
855,Emma Davis,19,75,E
856,Bob Davis,23,46,B
857,David Garcia,24,43,A
858,Alice Smith,23,64,C
859,Chris Garcia,18,53,A
860,John Miller,21,69,F
861,Chris Brown,24,55,F
862,Sophia Davis,19,89,E
863,Sophia Jones,21,43,B
864,Chris Davis,22,94,D
865,Alice Johnson,23,65,C
866,Alice Williams,20,81,E
867,Sophia Rodriguez,18,64,E
868,Emma Garcia,18,91,F
869,Emily Jones,19,91,C
870,Alice Brown,23,100,D
871,Bob Martinez,20,59,B
872,Alice Martinez,23,79,C
873,Sophia Martinez,23,70,C
874,Bob Williams,24,82,D
875,Olivia Davis,25,52,D
876,Daniel Jones,19,54,B
877,Alice Johnson,24,89,A
878,Chris Brown,21,78,E
879,Emma Miller,21,87,D
880,Olivia Jones,22,67,A
881,Emily Brown,21,47,B
882,Chris Davis,19,41,E
883,Chris Jones,25,57,E
884,Emma Miller,19,58,D
885,David Williams,22,63,C
886,John Garcia,22,42,A
887,Daniel Davis,23,64,F
888,Emma Williams,24,66,E
889,Bob Williams,20,96,E
890,Olivia Jones,23,63,F
891,Emily Davis,23,55,B
892,John Johnson,19,43,D
893,Emma Johnson,21,88,E
894,John Brown,18,48,D
895,Bob Rodriguez,19,68,E
896,David Davis,24,63,F
897,John Jones,23,85,B
898,David Davis,21,56,F
899,Olivia Rodriguez,25,83,D
900,Bob Jones,23,93,C
901,Emma Davis,18,59,B
902,David Johnson,19,71,B
903,Alice Rodriguez,23,86,D
904,Emily Rodriguez,19,50,D
905,Sophia Williams,23,53,E
906,Daniel Miller,22,73,E
907,Emma Davis,18,53,A
908,Sophia Garcia,18,85,F
909,Emma Davis,24,99,B
910,Sophia Jones,24,43,A
911,Daniel Davis,20,64,F
912,David Smith,21,83,A
913,Chris Williams,20,72,C
914,Chris Davis,24,51,A
915,Emily Miller,25,58,E
916,Chris Brown,25,61,A
917,Bob Rodriguez,18,68,E
918,David Smith,22,70,F
919,Chris Davis,24,88,E
920,Daniel Rodriguez,20,44,D
921,Olivia Miller,20,40,A
922,Alice Davis,19,63,B
923,David Miller,20,100,C
924,Emily Garcia,23,64,D
925,John Johnson,19,66,E
926,Alice Rodriguez,19,54,C
927,Bob Smith,23,85,B
928,Emily Smith,21,92,C
929,Daniel Williams,23,54,F
930,Emily Williams,19,74,A
931,Daniel Davis,23,90,D
932,Bob Smith,21,85,C
933,Emily Martinez,24,98,E
934,Bob Brown,24,45,C
935,Alice Martinez,22,82,A
936,Olivia Garcia,24,96,B
937,Daniel Johnson,22,68,E
938,David Miller,23,63,D
939,Sophia Garcia,23,88,A
940,Alice Johnson,24,44,C
941,Daniel Davis,23,96,C
942,Bob Martinez,22,67,D
943,David Williams,25,74,A
944,Sophia Smith,24,45,D
945,Emily Jones,18,41,C
946,Sophia Jones,18,99,D
947,Alice Jones,22,40,C
948,Daniel Brown,23,93,E
949,Emma Jones,18,92,E
950,Bob Miller,22,88,D
951,David Jones,23,68,D
952,Sophia Miller,18,97,C
953,Sophia Johnson,23,86,B
954,Emma Rodriguez,24,61,C
955,David Davis,18,97,E
956,John Smith,19,55,C
957,Daniel Brown,18,84,E
958,Sophia Rodriguez,22,50,D
959,Daniel Garcia,25,75,E
960,Chris Johnson,22,40,C
961,John Williams,25,65,D
962,David Garcia,18,77,C
963,Emily Martinez,25,76,B
964,Olivia Johnson,19,44,A
965,Emily Williams,20,67,D
966,Bob Davis,23,54,B
967,Alice Williams,23,51,D
968,Sophia Martinez,19,61,D
969,Alice Johnson,22,79,B
970,David Jones,22,92,C
971,Sophia Jones,20,93,F
972,Emma Brown,25,79,B
973,Bob Rodriguez,24,72,B
974,Chris Smith,21,84,D
975,Emily Davis,22,99,B
976,Emma Brown,21,79,D
977,Daniel Davis,25,46,C
978,John Williams,23,47,F
979,David Williams,20,85,D
980,Sophia Johnson,18,72,C
981,Chris Johnson,24,62,D
982,Chris Jones,20,92,E
983,Emily Williams,24,80,B
984,John Jones,24,68,A
985,Sophia Miller,25,81,D
986,Sophia Johnson,23,86,E
987,John Martinez,22,81,C
988,Alice Smith,19,91,B
989,Emily Brown,22,60,E
990,Daniel Brown,25,75,D
991,Chris Martinez,24,40,E
992,Alice Miller,20,55,A
993,Emily Brown,25,49,F
994,Sophia Williams,18,77,E
995,Sophia Johnson,21,86,C
996,Olivia Rodriguez,18,91,F
997,Emily Garcia,22,66,E
998,Emily Miller,18,70,E
999,Sophia Williams,23,41,C
1000,Emily Johnson,25,78,A
1001,Emma Williams,19,86,A
1002,David Smith,25,48,B
1003,David Davis,24,84,B
1004,John Smith,19,41,E
1005,David Martinez,22,56,F
1006,John Rodriguez,19,55,C
1007,Daniel Martinez,25,56,F
1008,Emma Miller,18,48,B
1009,Daniel Williams,21,92,C
1010,Emily Williams,25,49,F
1011,Sophia Brown,25,81,C
1012,Chris Martinez,18,95,D
1013,Bob Davis,23,55,E
1014,David Rodriguez,22,55,C
1015,Bob Martinez,20,66,F
1016,Emma Davis,25,91,F
1017,David Rodriguez,18,58,D
1018,Olivia Davis,18,73,A
1019,John Davis,22,51,E
1020,Emily Miller,21,47,B
1021,Emma Smith,22,55,E
1022,Alice Johnson,24,83,B
1023,Sophia Rodriguez,25,94,C
1024,Bob Miller,18,43,A
1025,John Jones,19,57,D
1026,Emily Brown,21,55,D
1027,Sophia Miller,25,96,D
1028,Bob Smith,25,63,E
1029,Bob Davis,23,60,F
1030,Daniel Smith,23,100,C
1031,Daniel Garcia,25,62,F
1032,Bob Davis,25,74,F
1033,Olivia Miller,20,44,D
1034,Bob Rodriguez,24,83,D
1035,Alice Williams,23,94,B
1036,Olivia Johnson,19,62,B
1037,Emily Davis,20,98,E
1038,Bob Garcia,24,93,D
1039,Chris Rodriguez,24,88,B
1040,Emily Johnson,19,85,E
1041,Sophia Brown,24,73,C
1042,Emily Davis,25,64,E
1043,John Davis,21,73,B
1044,Bob Williams,21,71,A
1045,Olivia Martinez,19,47,B
1046,John Garcia,20,99,C
1047,John Davis,19,81,E
1048,Emily Rodriguez,24,71,F
1049,Olivia Davis,22,91,F
1050,Olivia Williams,20,84,C
1051,Olivia Garcia,18,89,C
1052,Daniel Jones,18,91,B
1053,Daniel Martinez,23,57,C
1054,Olivia Garcia,21,92,A
1055,Olivia Davis,20,86,C
1056,Daniel Jones,18,57,D
1057,Olivia Davis,21,67,F
1058,Sophia Smith,20,91,E
1059,Olivia Brown,24,44,B
1060,Sophia Miller,23,46,B
1061,Daniel Rodriguez,20,90,D
1062,Sophia Martinez,23,52,A
1063,Emma Brown,20,75,A
1064,David Smith,25,42,F
1065,John Martinez,19,84,F
1066,David Jones,22,85,D
1067,Bob Williams,18,71,A
1068,Emma Smith,24,65,F
1069,Daniel Martinez,24,94,C
1070,Emily Jones,24,45,A
1071,Emily Garcia,21,77,B
1072,Alice Martinez,24,98,D
1073,Chris Davis,23,67,F
1074,Emily Smith,22,83,E
1075,Alice Brown,24,42,F
1076,Daniel Smith,18,69,C
1077,Daniel Jones,21,61,A
1078,Alice Smith,19,47,F
1079,Emily Williams,20,90,E
1080,Olivia Martinez,20,49,A
1081,Bob Martinez,20,71,E
1082,Emma Martinez,21,100,A
1083,David Smith,24,45,B
1084,Daniel Jones,25,41,D
1085,Sophia Smith,25,40,E
1086,Emma Williams,25,70,B
1087,Chris Davis,19,82,A
1088,David Garcia,18,69,C
1089,David Johnson,19,93,A
1090,Chris Miller,21,43,E
1091,Chris Martinez,22,55,F
1092,Daniel Brown,22,67,B
1093,David Rodriguez,23,85,B
1094,Emily Smith,21,92,C
1095,Chris Rodriguez,24,60,F
1096,Chris Johnson,24,43,B
1097,Emily Garcia,23,55,D
1098,Bob Rodriguez,19,95,F
1099,Sophia Brown,22,60,F
1100,Bob Martinez,18,79,C
1101,Olivia Miller,20,46,E
1102,Alice Garcia,18,52,A
1103,Alice Brown,23,97,B
1104,Daniel Smith,24,49,E
1105,Alice Johnson,22,41,C
1106,Olivia Martinez,25,94,A
1107,Olivia Garcia,22,64,C
1108,Olivia Martinez,18,93,C
1109,Daniel Rodriguez,18,59,A
1110,Emily Smith,25,41,E
1111,Emily Williams,21,48,B
1112,Bob Garcia,22,45,E
1113,Olivia Rodriguez,23,65,D
1114,John Rodriguez,24,59,D
1115,Emma Jones,21,84,B
1116,Emily Brown,22,76,B
1117,David Miller,20,73,C
1118,Bob Davis,24,73,A
1119,Emma Martinez,20,45,B
1120,Emma Martinez,20,48,F
1121,David Rodriguez,25,89,A
1122,Bob Martinez,25,55,F
1123,Daniel Davis,23,90,B
1124,Bob Jones,23,40,F
1125,Olivia Davis,23,86,C
1126,Alice Davis,18,60,A
1127,Emma Jones,20,80,D
1128,John Smith,24,44,E
1129,Emily Brown,25,66,C
1130,Bob Rodriguez,18,96,D
1131,Daniel Garcia,22,75,E
1132,Emily Williams,24,56,C
1133,Bob Miller,21,53,F
1134,Daniel Brown,18,99,C
1135,David Williams,19,57,A
1136,Olivia Rodriguez,22,63,C
1137,Chris Martinez,21,45,D
1138,John Brown,24,83,B
1139,Bob Brown,22,51,C
1140,David Brown,20,60,B
1141,John Brown,19,100,E
1142,Alice Johnson,20,86,B
1143,Sophia Johnson,21,89,B
1144,Chris Jones,21,42,D
1145,Daniel Jones,25,43,D
1146,David Smith,25,86,A
1147,Daniel Johnson,18,41,F
1148,David Brown,18,80,A
1149,Bob Brown,22,92,F
1150,David Brown,25,57,C
1151,Chris Jones,19,87,E
1152,Emma Miller,25,52,F
1153,Daniel Williams,21,92,F
1154,John Miller,22,56,A
1155,Chris Williams,21,77,F
1156,Bob Rodriguez,21,61,A
1157,Olivia Smith,24,100,D
1158,Daniel Miller,25,46,D
1159,Olivia Garcia,25,59,D
1160,Olivia Williams,24,70,B
1161,David Williams,25,82,C
1162,Chris Johnson,20,54,D
1163,David Rodriguez,24,81,D
1164,Sophia Martinez,24,75,C
1165,Sophia Davis,20,74,A
1166,Emily Williams,20,63,E
1167,Sophia Martinez,21,86,A
1168,Olivia Smith,24,80,A
1169,Emma Smith,23,88,F
1170,Sophia Smith,25,64,D
1171,Daniel Miller,25,47,B
1172,John Johnson,19,43,C
1173,Daniel Williams,18,81,B
1174,Sophia Williams,21,91,F
1175,Alice Brown,25,87,C
1176,Bob Rodriguez,23,70,A
1177,Chris Brown,21,79,E
1178,Bob Williams,19,43,E
1179,Chris Miller,23,77,B
1180,Alice Smith,21,89,E
1181,Sophia Jones,25,49,C
1182,Bob Williams,22,91,E
1183,David Williams,20,93,C
1184,Daniel Martinez,21,75,D
1185,Alice Williams,23,65,F
1186,Sophia Martinez,25,48,D
1187,Alice Martinez,18,44,E
1188,Emma Williams,21,77,A
1189,Sophia Miller,20,77,B
1190,John Davis,18,72,B
1191,Emma Williams,24,51,D
1192,Alice Johnson,21,46,D
1193,David Garcia,24,57,E
1194,Bob Miller,18,53,D
1195,John Garcia,21,55,C
1196,John Miller,18,73,D
1197,Alice Miller,24,81,F
1198,Daniel Williams,19,70,A
1199,Alice Davis,20,84,A
1200,Emily Brown,18,59,F
1201,Emily Williams,20,95,A
1202,Sophia Brown,18,42,E
1203,Daniel Garcia,19,81,C
1204,Olivia Johnson,22,46,F
1205,John Miller,23,97,F
1206,Bob Martinez,21,71,D
1207,Sophia Johnson,23,72,D
1208,Alice Smith,21,54,B
1209,Sophia Rodriguez,19,52,F
1210,Emma Johnson,19,53,C
1211,Sophia Martinez,20,85,A
1212,Bob Davis,25,52,E
1213,Sophia Johnson,20,48,B
1214,Alice Jones,19,89,E
1215,John Jones,24,62,B
1216,Emma Johnson,20,43,C
1217,David Brown,24,96,A
1218,Emily Williams,19,42,F
1219,Olivia Miller,25,97,F
1220,Emily Jones,25,98,D
1221,Bob Martinez,22,89,B
1222,Chris Davis,19,47,B
1223,Chris Williams,24,64,B
1224,David Johnson,20,100,E
1225,Emma Miller,18,92,A
1226,Emma Johnson,18,67,C
1227,Emma Johnson,19,74,A
1228,David Martinez,19,80,C
1229,Bob Brown,20,57,E
1230,John Brown,21,78,F
1231,Daniel Jones,24,94,E
1232,Sophia Jones,20,79,F
1233,Alice Miller,25,63,B
1234,Chris Rodriguez,25,98,B
1235,Bob Rodriguez,24,51,B
1236,Alice Smith,24,72,A
1237,Sophia Jones,24,84,E
1238,Daniel Williams,22,60,E
1239,Alice Jones,19,88,A
1240,Daniel Garcia,25,40,A
1241,Emily Brown,25,94,C
1242,Daniel Smith,20,74,B
1243,Bob Williams,18,64,F
1244,John Brown,19,69,B
1245,Sophia Miller,19,84,A
1246,David Miller,25,41,F
1247,John Martinez,24,82,B
1248,Olivia Rodriguez,18,41,F
1249,Alice Smith,21,66,F
1250,Emily Garcia,20,43,D
1251,Chris Rodriguez,18,64,F
1252,Olivia Brown,23,79,B
1253,Daniel Martinez,24,93,E
1254,Emily Johnson,22,91,E
1255,Olivia Martinez,20,52,F
1256,David Brown,20,66,B
1257,Sophia Martinez,22,91,D
1258,Emily Smith,25,88,E
1259,John Johnson,18,43,E
1260,Alice Rodriguez,18,90,B
1261,Bob Rodriguez,24,69,A
1262,Olivia Jones,18,64,A
1263,Daniel Johnson,25,52,E
1264,Alice Martinez,24,64,B
1265,Daniel Jones,22,69,E
1266,Emma Johnson,20,69,A
1267,Olivia Brown,19,48,F
1268,Emily Rodriguez,24,80,C
1269,Emma Johnson,19,47,A
1270,Olivia Davis,24,74,F
1271,John Miller,25,86,A
1272,Emily Williams,22,74,E
1273,David Jones,21,83,A
1274,Daniel Martinez,18,77,E
1275,John Davis,23,100,B
1276,Emily Jones,25,54,C
1277,Daniel Rodriguez,20,75,A
1278,Emily Martinez,23,63,E
1279,Bob Smith,19,62,A
1280,Olivia Smith,20,61,F
1281,Emily Johnson,18,99,C
1282,Olivia Davis,23,41,A
1283,David Miller,22,51,C
1284,David Martinez,25,98,C
1285,Chris Smith,25,91,D
1286,Alice Brown,23,68,E
1287,Daniel Rodriguez,24,40,E
1288,John Brown,22,53,B
1289,Emma Williams,24,62,A
1290,Daniel Smith,23,47,A
1291,Olivia Garcia,18,50,F
1292,Bob Johnson,20,67,A
1293,Bob Rodriguez,23,95,A
1294,John Johnson,24,80,B
1295,David Brown,23,46,A
1296,Olivia Jones,22,54,E
1297,Bob Martinez,23,82,A
1298,Daniel Williams,20,60,F
1299,Emily Rodriguez,23,59,D
1300,Chris Smith,22,61,A
1301,David Smith,23,56,E
1302,Emma Garcia,24,98,E
1303,Sophia Smith,24,44,A
1304,Emily Williams,20,89,E
1305,Olivia Brown,22,79,C
1306,David Rodriguez,18,43,D
1307,John Rodriguez,21,66,E
1308,Daniel Brown,25,79,D
1309,Alice Rodriguez,18,59,C
1310,Bob Davis,22,83,E
1311,Daniel Williams,21,82,A
1312,Emma Jones,21,94,F
1313,John Davis,22,57,C
1314,John Miller,25,43,E
1315,Emma Martinez,20,71,D
1316,Emily Davis,25,53,C
1317,David Garcia,25,52,D
1318,Alice Davis,22,52,F
1319,Sophia Williams,25,81,B
1320,John Martinez,24,55,D
1321,Olivia Davis,19,73,B
1322,Bob Miller,20,73,D
1323,Bob Jones,18,89,D
1324,Bob Martinez,20,74,E
1325,John Martinez,23,78,F
1326,Alice Martinez,22,99,F
1327,Daniel Jones,25,80,A
1328,Chris Jones,21,44,C
1329,David Miller,18,83,F
1330,Alice Rodriguez,19,81,C
1331,Emily Miller,20,66,A
1332,David Martinez,24,61,C
1333,Emily Jones,25,100,A
1334,David Williams,22,48,D
1335,John Jones,24,53,D
1336,Daniel Martinez,22,90,A
1337,Sophia Brown,19,91,A
1338,John Johnson,18,77,E
1339,Daniel Johnson,24,40,A
1340,Bob Williams,19,62,E
1341,David Brown,25,44,F
1342,Alice Martinez,18,74,E
1343,Alice Jones,22,49,B
1344,Sophia Smith,20,79,D
1345,John Jones,21,74,F
1346,Chris Rodriguez,22,84,A
1347,Chris Miller,21,75,D
1348,Olivia Martinez,18,48,F
1349,Sophia Miller,21,81,C
1350,Daniel Davis,19,43,E
1351,Bob Rodriguez,24,57,B
1352,John Miller,19,45,E
1353,David Miller,20,74,B
1354,Chris Smith,25,69,E
1355,Bob Davis,18,59,F
1356,Bob Martinez,19,95,C
1357,Bob Miller,22,60,F
1358,Olivia Miller,23,77,C
1359,John Garcia,25,68,E
1360,David Davis,20,54,C
1361,Emma Rodriguez,18,88,C
1362,Emily Davis,24,96,B
1363,Daniel Williams,19,54,F
1364,Emma Jones,23,82,A
1365,Bob Johnson,21,98,B
1366,Emily Davis,22,83,D
1367,Emma Rodriguez,20,44,D
1368,Olivia Miller,25,41,C
1369,Emily Rodriguez,23,86,A
1370,David Garcia,22,56,B
1371,Emma Martinez,22,80,B
1372,Olivia Davis,19,92,C
1373,Sophia Davis,25,50,A
1374,Bob Jones,18,98,B
1375,Daniel Rodriguez,21,90,E
1376,Emily Miller,18,99,B
1377,Emily Johnson,24,97,F
1378,Sophia Johnson,18,98,E
1379,John Davis,20,58,C
1380,Chris Garcia,24,95,E
1381,Emily Garcia,20,40,D
1382,Emma Brown,18,53,B
1383,John Brown,22,74,A
1384,Emma Smith,21,40,C
1385,Emily Rodriguez,23,88,F
1386,Chris Williams,25,46,D
1387,Emma Johnson,23,47,F
1388,Sophia Miller,20,62,E
1389,Alice Johnson,20,50,B
1390,Emma Brown,23,54,E
1391,Olivia Davis,20,64,E
1392,Bob Miller,24,55,A
1393,Olivia Williams,23,100,A
1394,Daniel Brown,24,80,E
1395,Bob Martinez,22,56,D
1396,David Williams,23,79,A
1397,Sophia Johnson,23,92,B
1398,Emma Williams,23,66,B
1399,John Smith,20,73,A
1400,Daniel Jones,18,84,B
1401,Chris Brown,23,89,B
1402,Emma Davis,20,83,C
1403,Sophia Martinez,20,79,C
1404,Chris Martinez,22,98,C
1405,David Smith,21,98,A
1406,Bob Miller,18,48,C
1407,Emily Smith,19,97,A
1408,Sophia Smith,21,92,B
1409,Olivia Garcia,25,87,D
1410,John Garcia,21,95,E
1411,Chris Jones,24,61,E
1412,Olivia Jones,20,55,F
1413,Emma Garcia,24,58,A
1414,John Rodriguez,22,43,F
1415,Daniel Johnson,23,50,E
1416,Chris Smith,19,71,A
1417,Bob Johnson,19,93,D
1418,Emily Davis,20,44,A
1419,Bob Williams,23,51,B
1420,Chris Smith,25,87,A
1421,Olivia Brown,23,45,B
1422,Emma Smith,23,47,E
1423,Emily Jones,21,77,B
1424,Emily Brown,20,81,D
1425,John Jones,24,94,A
1426,Sophia Davis,25,60,E
1427,Olivia Jones,20,97,D
1428,Bob Johnson,24,88,C
1429,Chris Davis,21,51,D
1430,Emily Davis,25,67,A
1431,John Williams,22,84,A
1432,Sophia Davis,25,67,A
1433,Emma Brown,20,89,E
1434,Olivia Smith,21,51,D
1435,Sophia Rodriguez,21,53,F
1436,Emma Johnson,22,93,C
1437,David Johnson,18,42,D
1438,Bob Garcia,21,98,F
1439,Emma Smith,22,92,F
1440,Alice Garcia,19,51,D
1441,Alice Brown,21,82,C
1442,Emma Rodriguez,23,54,A
1443,Emily Davis,19,67,A
1444,Emma Smith,25,47,C
1445,Emily Miller,21,49,F
1446,Bob Rodriguez,19,45,E
1447,Daniel Jones,22,46,F
1448,Sophia Williams,18,95,E
1449,Sophia Martinez,18,63,E
1450,John Martinez,22,42,E
1451,David Jones,21,99,E
1452,Alice Smith,23,79,E
1453,Chris Rodriguez,18,62,C
1454,Sophia Rodriguez,21,79,A
1455,Bob Martinez,23,85,D
1456,Chris Rodriguez,23,93,C
1457,Sophia Garcia,24,84,C
1458,David Martinez,25,82,A
1459,Alice Johnson,22,100,D
1460,Bob Jones,22,63,C
1461,David Johnson,23,87,F
1462,John Johnson,21,48,D
1463,Emma Johnson,22,96,E
1464,David Brown,24,94,B
1465,Emily Smith,19,91,A
1466,Bob Brown,25,94,D
1467,David Rodriguez,24,60,F
1468,Alice Miller,20,79,C
1469,Emily Jones,25,89,E
1470,Chris Rodriguez,19,91,D
1471,David Miller,25,81,E
1472,Bob Davis,19,71,F
1473,Olivia Smith,19,41,D
1474,John Martinez,20,90,B
1475,Emma Brown,24,85,B
1476,Emily Brown,24,75,F
1477,David Rodriguez,23,98,E
1478,Olivia Smith,25,49,E
1479,Alice Davis,21,67,D
1480,Emily Johnson,21,63,C
1481,David Brown,24,50,E
1482,Olivia Johnson,19,66,B
1483,John Williams,24,90,F
1484,Emma Garcia,22,77,B
1485,Chris Brown,21,42,E
1486,Bob Garcia,24,58,E
1487,Olivia Smith,19,59,B
1488,John Brown,25,54,A
1489,Emily Jones,22,93,E
1490,Olivia Miller,21,57,C
1491,Alice Johnson,20,60,E
1492,Olivia Miller,19,59,D
1493,Alice Martinez,20,62,D
1494,Chris Davis,20,80,C
1495,Chris Johnson,22,62,B
1496,Chris Davis,24,45,E
1497,Emma Jones,18,70,B
1498,Chris Jones,20,90,A
1499,Daniel Brown,22,92,C
1500,Daniel Brown,25,52,D
1501,David Brown,19,40,A
1502,Alice Brown,19,89,E
1503,David Miller,22,76,A
1504,John Martinez,18,41,F
1505,Emily Johnson,25,42,F
1506,Chris Davis,23,42,E
1507,Sophia Rodriguez,24,62,B
1508,Daniel Martinez,23,80,F
1509,Bob Davis,19,81,B
1510,Sophia Rodriguez,19,43,C
1511,Daniel Miller,20,65,F
1512,Emily Davis,25,47,C
1513,Sophia Smith,25,95,B
1514,David Garcia,21,71,F
1515,Bob Jones,21,100,F
1516,Chris Martinez,21,54,E
1517,John Garcia,25,56,F
1518,Emma Jones,24,97,C
1519,Bob Johnson,24,59,E
1520,Sophia Miller,18,50,D
1521,David Martinez,21,79,C
1522,John Davis,22,77,F
1523,Alice Smith,25,71,A
1524,Emily Smith,18,68,F
1525,Emily Garcia,21,92,E
1526,Chris Miller,18,64,C
1527,Sophia Brown,21,43,A
1528,Daniel Johnson,21,47,A
1529,John Jones,21,64,B
1530,Emily Smith,18,84,A
1531,Olivia Jones,22,92,B
1532,David Miller,23,49,C
1533,Emily Johnson,20,40,C
1534,Olivia Rodriguez,23,90,C
1535,Emma Miller,23,71,A
1536,Sophia Jones,25,69,F
1537,Bob Williams,23,73,A
1538,Sophia Garcia,22,69,F
1539,Olivia Brown,25,51,E
1540,Emma Brown,22,79,E
1541,Emily Brown,20,96,B
1542,Olivia Brown,25,88,C
1543,Chris Williams,21,97,C
1544,Emma Martinez,24,81,E
1545,Chris Miller,19,91,E
1546,John Martinez,22,100,B
1547,Olivia Johnson,21,73,E
1548,Olivia Brown,19,90,D
1549,John Davis,25,83,B
1550,John Martinez,23,99,C
1551,Bob Garcia,20,48,C
1552,Chris Williams,25,100,C
1553,Daniel Davis,19,93,D
1554,Alice Martinez,18,48,E
1555,Bob Johnson,22,41,C
1556,Emma Smith,20,55,C
1557,John Davis,21,61,D
1558,Bob Jones,24,85,E
1559,Chris Jones,25,44,F
1560,David Martinez,23,59,D
1561,Olivia Martinez,21,85,C
1562,John Rodriguez,23,75,C
1563,Bob Jones,24,86,C
1564,David Williams,23,73,A
1565,Olivia Jones,18,97,D
1566,Bob Martinez,20,65,C
1567,Alice Martinez,24,44,B
1568,Emily Martinez,21,50,E
1569,Daniel Smith,25,68,E
1570,John Martinez,18,92,B
1571,Sophia Williams,22,96,B
1572,Alice Rodriguez,18,86,F
1573,Daniel Rodriguez,19,95,F
1574,Sophia Smith,25,99,A
1575,Olivia Rodriguez,20,70,E
1576,Olivia Smith,22,68,F
1577,Emily Brown,23,93,D
1578,Sophia Davis,19,61,D
1579,Daniel Williams,25,94,C
1580,Bob Smith,21,93,C
1581,Olivia Garcia,20,56,B
1582,Alice Garcia,18,92,D
1583,Chris Garcia,21,88,D
1584,Daniel Davis,24,58,E
1585,Olivia Williams,18,90,A
1586,Daniel Jones,19,43,A
1587,Alice Davis,25,69,C
1588,Bob Brown,19,98,E
1589,Emily Davis,21,88,E
1590,John Jones,22,73,F
1591,John Brown,23,88,C
1592,Sophia Miller,19,87,B
1593,Daniel Johnson,18,98,B
1594,Olivia Smith,24,85,E
1595,Chris Rodriguez,22,79,C
1596,Emma Miller,19,94,E
1597,Alice Smith,19,67,D
1598,Sophia Miller,23,94,F
1599,John Williams,18,42,F
1600,Daniel Miller,22,47,D
1601,Daniel Garcia,24,84,F
1602,David Miller,25,81,C
1603,David Smith,23,60,D
1604,Emily Garcia,20,97,E
1605,Emma Garcia,22,44,F
1606,David Brown,22,70,B
1607,David Jones,25,85,C
1608,David Miller,19,88,C
1609,Chris Johnson,19,75,B
1610,Bob Williams,23,80,C
1611,David Johnson,22,75,A
1612,Bob Williams,24,70,E
1613,John Rodriguez,25,46,D
1614,Olivia Garcia,23,93,A
1615,Daniel Martinez,18,79,D
1616,Alice Johnson,24,53,B
1617,Olivia Brown,23,99,A
1618,Emily Martinez,20,99,A
1619,Daniel Smith,21,49,B
1620,David Johnson,21,40,F
1621,John Johnson,24,94,B
1622,Bob Johnson,18,72,B
1623,Emily Rodriguez,24,46,E
1624,Daniel Garcia,21,96,D
1625,Daniel Martinez,22,42,C
1626,Chris Williams,24,48,D
1627,David Johnson,22,49,D
1628,Bob Miller,22,75,D
1629,Alice Rodriguez,19,50,A
1630,Emma Brown,23,48,A
1631,Daniel Miller,24,72,E
1632,David Williams,23,66,E
1633,Sophia Brown,22,63,B
1634,Emily Johnson,18,77,B
1635,Bob Martinez,23,51,C
1636,David Rodriguez,24,93,A
1637,Chris Miller,25,92,F
1638,Alice Johnson,24,85,A
1639,Alice Brown,23,76,A
1640,Bob Martinez,22,92,C
1641,Emma Johnson,21,96,B
1642,John Smith,20,83,B
1643,Chris Williams,20,71,E
1644,Chris Williams,24,47,B
1645,Emma Rodriguez,24,74,F
1646,Alice Johnson,22,94,A
1647,Bob Jones,22,98,D
1648,Emma Williams,24,57,C
1649,Daniel Jones,23,44,D
1650,Sophia Johnson,18,80,D
1651,Alice Miller,18,96,D
1652,John Williams,19,65,F
1653,Daniel Williams,23,51,C
1654,Bob Brown,25,42,F
1655,Bob Jones,22,78,F
1656,Emma Smith,24,94,D
1657,Alice Martinez,25,46,B
1658,Emily Rodriguez,22,67,E
1659,Emily Williams,19,75,D
1660,Alice Miller,22,57,C
1661,Emily Smith,22,95,D
1662,Bob Martinez,19,60,B
1663,John Jones,24,67,C
1664,Emma Garcia,19,55,C
1665,Emily Davis,18,78,F
1666,Sophia Johnson,19,52,C
1667,Alice Johnson,19,48,A
1668,Emily Miller,19,71,F
1669,Emily Jones,20,95,D
1670,Alice Martinez,20,79,C
1671,Alice Rodriguez,21,69,A
1672,Alice Garcia,19,66,A
1673,John Davis,21,100,C
1674,Sophia Garcia,24,50,F
1675,Daniel Williams,21,93,F
1676,Emily Williams,19,97,A
1677,David Garcia,18,45,F
1678,Emma Miller,24,57,D
1679,Sophia Davis,20,67,C
1680,Emma Jones,22,47,C
1681,Emily Miller,18,63,D
1682,Sophia Williams,19,98,B
1683,Chris Brown,21,90,F
1684,David Miller,20,49,A
1685,Emily Johnson,22,96,F
1686,Alice Smith,18,93,C
1687,Emma Rodriguez,21,100,A
1688,David Garcia,20,89,F
1689,Alice Davis,21,59,E
1690,Emma Smith,20,81,A
1691,Emily Johnson,19,66,D
1692,David Smith,20,63,E
1693,Chris Miller,25,65,A
1694,Emily Jones,19,45,D
1695,Emma Jones,19,56,D
1696,Bob Williams,20,93,F
1697,John Miller,22,79,F
1698,Alice Jones,21,40,B
1699,Sophia Miller,23,85,E
1700,Daniel Smith,19,90,F
1701,Emma Williams,21,96,F
1702,Emma Williams,22,64,E
1703,Emma Miller,20,88,A
1704,Bob Johnson,24,88,B
1705,Chris Miller,23,56,D
1706,Emma Miller,24,59,D
1707,Bob Smith,23,45,F
1708,Olivia Davis,23,49,F
1709,John Johnson,18,73,F
1710,Sophia Rodriguez,18,45,B
1711,Olivia Miller,25,52,F
1712,Bob Johnson,24,90,A
1713,Emma Miller,20,78,B
1714,Emily Martinez,20,88,C
1715,Daniel Davis,18,43,A
1716,Emma Garcia,21,46,C
1717,Emily Williams,20,74,C
1718,Sophia Davis,22,95,C
1719,Bob Williams,21,76,E
1720,Bob Miller,23,77,B
1721,Emma Miller,19,90,F
1722,Daniel Davis,24,83,B
1723,Emma Davis,20,82,B
1724,Daniel Williams,23,65,D
1725,Daniel Williams,22,62,E
1726,Bob Martinez,19,97,F
1727,Emily Miller,20,70,C
1728,Sophia Miller,20,42,D
1729,David Brown,22,79,E
1730,Chris Johnson,21,45,E
1731,Olivia Brown,20,91,B
1732,Sophia Miller,22,84,D
1733,David Williams,18,46,D
1734,John Garcia,22,46,F
1735,John Rodriguez,23,67,B
1736,Emily Williams,19,76,D
1737,David Smith,22,88,A
1738,Alice Jones,18,58,E
1739,Bob Johnson,24,58,B
1740,Bob Jones,19,57,C
1741,Bob Johnson,21,49,D
1742,Bob Jones,25,92,B
1743,Emily Smith,21,84,C
1744,Bob Garcia,22,41,C
1745,Emily Johnson,20,73,F
1746,Emma Martinez,19,76,D
1747,Olivia Davis,19,51,B
1748,John Williams,20,53,F
1749,John Williams,25,91,D
1750,John Williams,21,74,D
1751,Emma Johnson,19,92,C
1752,David Brown,25,49,C
1753,Bob Brown,24,55,C
1754,Chris Jones,22,94,A
1755,Alice Garcia,19,67,B
1756,David Johnson,18,51,A
1757,Chris Garcia,24,55,E
1758,Emma Martinez,24,86,C
1759,Bob Smith,24,74,B
1760,John Davis,21,95,D
1761,Bob Martinez,21,48,F
1762,Bob Davis,20,48,E
1763,Olivia Smith,18,97,A
1764,Chris Rodriguez,25,86,A
1765,Olivia Rodriguez,24,80,E
1766,John Johnson,25,67,C
1767,Emily Garcia,23,49,A
1768,John Martinez,19,48,E
1769,Bob Rodriguez,19,41,B
1770,Olivia Miller,20,56,F
1771,Daniel Smith,25,69,A
1772,John Miller,20,57,C
1773,Chris Rodriguez,24,93,E
1774,Alice Rodriguez,20,98,B
1775,Emily Miller,18,46,B
1776,Emma Garcia,25,91,A
1777,John Garcia,20,74,A
1778,Emily Rodriguez,22,75,D
1779,Bob Brown,18,43,F
1780,Emily Brown,23,44,C
1781,John Brown,20,76,F
1782,Daniel Rodriguez,20,72,C
1783,Sophia Johnson,20,77,C
1784,Emily Rodriguez,20,81,C
1785,David Martinez,25,75,F
1786,Alice Martinez,19,52,C
1787,Olivia Brown,22,70,B
1788,Bob Johnson,20,85,E
1789,Olivia Jones,25,73,F
1790,David Miller,19,80,B
1791,Sophia Miller,20,58,C
1792,Emily Smith,23,99,A
1793,Alice Jones,22,42,A
1794,Daniel Jones,20,74,F
1795,Alice Johnson,20,44,B
1796,John Jones,23,57,C
1797,Alice Jones,24,72,D
1798,Chris Rodriguez,25,92,A
1799,Olivia Martinez,23,82,B
1800,Daniel Smith,19,90,C
1801,Emma Johnson,25,47,B
1802,Emma Garcia,25,57,F
1803,Emily Miller,20,65,E
1804,Alice Martinez,19,40,B
1805,John Smith,22,44,C
1806,Bob Brown,21,78,F
1807,David Davis,20,47,E
1808,Bob Davis,24,66,C
1809,David Williams,21,48,A
1810,Emily Johnson,18,49,E
1811,Alice Brown,25,66,C
1812,Emily Miller,19,67,F
1813,Emma Rodriguez,21,99,B
1814,Chris Williams,21,84,F
1815,Chris Miller,22,76,E
1816,Chris Garcia,19,76,D
1817,Bob Miller,21,73,E
1818,Emma Davis,19,66,D
1819,Sophia Davis,23,67,C
1820,David Davis,20,74,C
1821,Chris Davis,18,82,F
1822,David Johnson,22,87,C
1823,David Williams,20,70,C
1824,David Smith,22,62,D
1825,Daniel Williams,21,52,F
1826,Bob Garcia,24,91,E
1827,John Garcia,21,50,C
1828,Sophia Garcia,24,96,A
1829,Chris Williams,21,84,E
1830,John Martinez,20,88,D
1831,Daniel Martinez,21,54,C
1832,Daniel Smith,19,93,C
1833,Alice Johnson,19,63,E
1834,Alice Miller,18,75,C
1835,John Johnson,22,59,F
1836,Olivia Garcia,18,61,E
1837,Emma Davis,19,67,E
1838,Bob Davis,23,81,B
1839,Sophia Brown,25,67,F
1840,Bob Garcia,24,57,E
1841,Alice Jones,20,100,A
1842,Daniel Jones,23,80,D
1843,Sophia Miller,24,46,D
1844,David Johnson,24,66,C
1845,Bob Rodriguez,19,72,A
1846,Olivia Smith,19,74,B
1847,John Rodriguez,18,86,C
1848,Emily Davis,19,46,A
1849,Emily Jones,23,55,D
1850,Alice Williams,21,78,C
1851,Olivia Garcia,24,70,F
1852,Olivia Johnson,24,65,A
1853,Sophia Brown,20,44,A
1854,Daniel Jones,20,98,E
1855,David Garcia,23,88,F
1856,David Brown,19,43,F
1857,Sophia Martinez,18,71,C
1858,Daniel Smith,25,97,D
1859,Daniel Rodriguez,23,82,F
1860,Emma Johnson,19,70,F
1861,John Smith,23,49,F
1862,David Brown,25,50,E
1863,John Davis,18,81,B
1864,Chris Brown,18,56,E
1865,David Johnson,24,93,A
1866,Bob Jones,22,47,F
1867,Daniel Martinez,22,56,A
1868,Chris Davis,24,87,F
1869,David Davis,22,63,A
1870,Alice Miller,23,63,C
1871,John Rodriguez,25,83,B
1872,David Williams,19,63,A
1873,Emily Rodriguez,19,66,C
1874,John Rodriguez,25,69,F
1875,Chris Martinez,25,66,C
1876,John Brown,21,61,A
1877,John Brown,24,100,D
1878,Emma Johnson,19,42,A
1879,Olivia Smith,22,92,B
1880,Olivia Williams,20,50,E
1881,Chris Jones,18,65,D
1882,Daniel Davis,18,59,B
1883,Sophia Davis,23,70,A
1884,Bob Brown,18,44,D
1885,Chris Martinez,21,56,B
1886,Alice Smith,25,74,C
1887,Bob Jones,24,40,D
1888,Emily Brown,18,62,D
1889,Sophia Johnson,18,95,D
1890,Alice Brown,19,45,C
1891,Olivia Smith,21,53,E
1892,Emma Garcia,20,47,D
1893,David Smith,24,99,D
1894,David Martinez,24,85,D
1895,Chris Johnson,22,81,B
1896,Bob Jones,24,87,D
1897,David Garcia,18,86,F
1898,Bob Miller,20,99,E
1899,John Garcia,19,85,A
1900,John Garcia,22,67,E
1901,John Smith,25,67,F
1902,Alice Garcia,23,83,F
1903,Emily Garcia,21,47,F
1904,John Davis,22,72,B
1905,Emma Rodriguez,24,60,F
1906,Emma Jones,25,80,E
1907,Emma Brown,23,46,E
1908,David Martinez,22,86,C
1909,John Williams,22,40,C
1910,Chris Brown,23,81,C
1911,Alice Smith,21,79,A
1912,Olivia Jones,24,81,C
1913,Emma Johnson,24,47,C
1914,John Williams,19,54,A
1915,Olivia Davis,18,57,F
1916,Emma Garcia,25,79,A
1917,Daniel Martinez,24,68,D
1918,Emily Johnson,21,95,A
1919,Emma Brown,19,87,F
1920,Olivia Williams,24,40,A
1921,Bob Rodriguez,24,64,D
1922,John Smith,24,95,F
1923,Chris Davis,18,94,B
1924,Bob Martinez,21,96,A
1925,Olivia Smith,23,91,F
1926,David Rodriguez,25,75,E
1927,Sophia Johnson,19,96,D
1928,Emma Martinez,20,55,B
1929,David Rodriguez,25,55,B
1930,Olivia Davis,19,73,F
1931,Bob Smith,23,95,F
1932,Alice Martinez,19,59,D
1933,John Miller,23,44,D
1934,Daniel Miller,23,42,A
1935,Emma Martinez,22,67,A
1936,Olivia Brown,20,68,A
1937,Emma Martinez,23,75,E
1938,Sophia Brown,19,63,B
1939,Olivia Smith,22,43,C
1940,Daniel Rodriguez,22,41,D
1941,Emily Garcia,19,67,E
1942,John Garcia,21,54,A
1943,Olivia Miller,21,49,A
1944,Alice Garcia,24,91,E
1945,David Garcia,22,71,E
1946,Emily Rodriguez,23,89,D
1947,Daniel Brown,21,96,C
1948,Daniel Garcia,18,65,E
1949,John Williams,21,43,F
1950,Emma Brown,20,78,C
1951,Chris Rodriguez,21,96,B
1952,Alice Miller,24,40,D
1953,Alice Brown,22,99,F
1954,Emily Davis,23,91,A
1955,David Jones,22,91,E
1956,Emily Williams,18,67,E
1957,Emily Johnson,23,74,D
1958,Olivia Miller,24,89,F
1959,Chris Davis,22,92,D
1960,Alice Brown,18,67,F
1961,Alice Williams,21,82,B
1962,Chris Brown,18,99,F
1963,Emma Martinez,18,100,C
1964,Bob Johnson,19,69,C
1965,Bob Rodriguez,20,43,C
1966,David Garcia,21,80,A
1967,Sophia Johnson,22,98,E
1968,Emily Jones,20,72,F
1969,Emily Martinez,24,63,C
1970,Emma Rodriguez,20,64,B
1971,Alice Jones,21,65,B
1972,Emma Miller,21,73,D
1973,Sophia Garcia,22,74,F
1974,Chris Martinez,18,96,A
1975,Bob Brown,21,88,C
1976,Emily Garcia,20,42,E
1977,Chris Davis,19,49,C
1978,John Rodriguez,24,61,D
1979,Chris Rodriguez,19,96,B
1980,Emily Jones,25,80,B
1981,Daniel Johnson,24,89,A
1982,Daniel Jones,20,54,A
1983,Emily Johnson,18,65,E
1984,David Garcia,21,41,E
1985,Bob Davis,18,56,D
1986,David Miller,23,52,B
1987,Bob Garcia,18,43,E
1988,Chris Jones,20,70,A
1989,David Jones,18,56,B
1990,Emily Garcia,22,85,C
1991,Bob Williams,23,95,F
1992,Olivia Jones,21,89,C
1993,Sophia Brown,21,72,F
1994,Bob Garcia,24,74,C
1995,Olivia Garcia,22,41,B
1996,Emily Davis,22,43,A
1997,David Brown,23,76,D
1998,Olivia Davis,18,65,D
1999,Bob Jones,24,80,C
2000,Daniel Williams,25,56,C
2001,David Miller,23,82,B
2002,Emma Rodriguez,21,67,A
2003,Olivia Rodriguez,23,42,F
2004,Sophia Martinez,18,42,F
2005,Chris Smith,25,40,C
2006,Emily Williams,20,54,D
2007,David Brown,19,91,E
2008,Emily Johnson,22,80,E
2009,Olivia Martinez,24,83,C
2010,Daniel Rodriguez,25,43,F
2011,Olivia Smith,18,91,D
2012,Bob Smith,21,68,B
2013,Alice Rodriguez,18,81,A
2014,Alice Johnson,24,43,D
2015,Sophia Johnson,20,78,F
2016,Olivia Jones,22,63,D
2017,Emily Garcia,24,91,A
2018,Chris Jones,24,50,E
2019,David Brown,23,75,C
2020,Daniel Martinez,20,61,E
2021,Bob Garcia,19,40,C
2022,Alice Jones,22,82,F
2023,Emily Davis,18,73,E
2024,Olivia Davis,22,51,C
2025,Chris Brown,25,51,A
2026,Emily Williams,25,55,C
2027,Daniel Johnson,25,88,A
2028,Sophia Williams,23,74,A
2029,John Jones,18,55,E
2030,John Martinez,23,87,C
2031,Emily Miller,18,43,A
2032,John Davis,20,90,D
2033,John Williams,25,58,E
2034,Emily Jones,24,80,F
2035,Sophia Miller,21,56,D
2036,John Rodriguez,25,50,D
2037,Olivia Brown,22,82,C
2038,Sophia Brown,23,66,F
2039,Alice Brown,24,51,B
2040,Alice Williams,18,93,E
2041,Sophia Smith,18,87,F
2042,Olivia Rodriguez,24,59,D
2043,Alice Rodriguez,23,74,F
2044,Daniel Martinez,25,84,E
2045,Alice Martinez,22,60,F
2046,Emily Jones,20,91,B
2047,Emily Jones,22,68,E
2048,Sophia Davis,24,63,A
2049,John Williams,21,51,B
2050,Alice Garcia,18,64,E
2051,Chris Williams,18,50,C
2052,Bob Martinez,21,52,F
2053,Emma Jones,21,74,A
2054,Daniel Davis,22,57,C
2055,Sophia Smith,24,46,F
2056,Sophia Brown,25,78,B
2057,Sophia Jones,20,92,B
2058,Emily Brown,21,64,A
2059,Bob Brown,19,89,D
2060,Olivia Rodriguez,24,91,A
2061,Chris Davis,24,43,D
2062,Olivia Williams,22,98,A
2063,Sophia Miller,22,40,E
2064,John Martinez,21,86,A
2065,Emma Garcia,22,96,B
2066,Emily Smith,19,78,A
2067,Olivia Smith,18,75,C
2068,Bob Brown,22,56,F
2069,Emma Martinez,18,64,E
2070,Olivia Smith,19,63,C
2071,Bob Garcia,23,57,C
2072,John Johnson,25,40,A
2073,Emma Rodriguez,24,63,B
2074,Emily Smith,23,66,E
2075,John Jones,24,94,E
2076,Emma Garcia,19,86,D
2077,Olivia Williams,20,48,E
2078,Bob Williams,22,78,A
2079,David Brown,20,90,A
2080,Alice Miller,19,93,B
2081,Emily Jones,24,77,E
2082,David Miller,25,82,B
2083,Olivia Davis,25,67,A
2084,Chris Miller,18,95,C
2085,Daniel Rodriguez,18,77,C
2086,Daniel Martinez,24,93,A
2087,Alice Williams,24,50,F
2088,Alice Williams,21,70,D
2089,Alice Davis,18,44,E
2090,Emily Williams,24,45,B
2091,Daniel Garcia,18,46,B
2092,Chris Miller,19,43,E
2093,Alice Williams,21,96,E
2094,Daniel Rodriguez,18,55,B
2095,Chris Williams,25,49,D
2096,Sophia Brown,18,82,A
2097,Sophia Rodriguez,18,95,A
2098,Emma Johnson,23,74,F
2099,Emily Johnson,20,72,D
2100,Daniel Williams,20,55,D
2101,Sophia Brown,20,50,C
2102,Sophia Garcia,18,66,C
2103,Alice Miller,22,91,E
2104,Bob Brown,20,50,D
2105,Bob Johnson,18,41,C
2106,Emily Martinez,25,87,E
2107,David Martinez,21,83,D
2108,Emma Miller,21,84,A
2109,John Martinez,18,50,B
2110,Bob Brown,20,93,E
2111,Alice Jones,18,94,E
2112,David Garcia,18,86,B
2113,Sophia Johnson,22,77,D
2114,Chris Jones,18,54,C
2115,Daniel Rodriguez,18,100,A
2116,Emma Jones,19,74,D
2117,Bob Miller,21,95,F
2118,Emma Miller,22,62,E
2119,Emily Smith,23,56,A
2120,Alice Miller,21,98,F
2121,Olivia Garcia,18,80,A
2122,Daniel Smith,23,90,A
2123,David Jones,18,91,F
2124,Daniel Miller,19,67,E
2125,David Brown,21,81,E
2126,Emily Brown,20,59,F
2127,Bob Jones,20,91,B
2128,Chris Williams,20,67,C
2129,Olivia Jones,18,46,F
2130,Sophia Smith,18,58,C
2131,John Rodriguez,20,79,C
2132,Emily Garcia,23,79,D
2133,Sophia Miller,24,65,F
2134,David Jones,23,98,D
2135,Daniel Brown,21,42,C
2136,Bob Brown,21,55,D
2137,Bob Williams,21,65,C
2138,Emma Brown,18,45,D
2139,John Rodriguez,18,88,A
2140,Chris Martinez,20,99,E
2141,Emily Brown,21,41,E
2142,Daniel Davis,21,96,D
2143,Emma Miller,18,86,F
2144,Sophia Jones,25,98,C
2145,Daniel Rodriguez,24,89,B
2146,Daniel Johnson,20,86,E
2147,Olivia Brown,25,53,A
2148,Alice Williams,24,57,D
2149,Bob Davis,18,66,F
2150,Bob Miller,22,69,B
2151,Olivia Johnson,25,89,D
2152,Sophia Martinez,23,51,B
2153,Bob Jones,24,43,F
2154,David Smith,20,62,B
2155,Olivia Johnson,18,80,E
2156,Chris Garcia,23,79,E
2157,Daniel Miller,21,72,D
2158,Daniel Brown,25,98,E
2159,Emma Brown,25,72,B
2160,Chris Miller,25,46,C
2161,David Garcia,24,86,F
2162,Olivia Davis,20,80,F
2163,Daniel Martinez,19,82,F
2164,Bob Miller,20,99,F
2165,Daniel Brown,25,41,D
2166,Daniel Smith,23,86,B
2167,Daniel Davis,25,78,E
2168,John Martinez,22,41,C
2169,David Johnson,21,52,B
2170,Alice Davis,22,88,C
2171,Sophia Rodriguez,25,85,B
2172,Bob Martinez,24,65,B
2173,Bob Garcia,19,76,A
2174,John Miller,22,85,F
2175,Bob Williams,19,44,C
2176,Emily Garcia,22,40,F
2177,John Rodriguez,19,82,A
2178,John Williams,24,43,B
2179,Olivia Rodriguez,19,88,A
2180,Alice Rodriguez,20,61,D
2181,Emma Jones,21,45,B
2182,Emma Jones,23,90,F
2183,Olivia Davis,22,55,C
2184,David Rodriguez,23,94,E
2185,John Martinez,22,91,F
2186,Daniel Rodriguez,19,84,C
2187,David Jones,24,60,E
2188,Daniel Garcia,18,52,D
2189,Sophia Rodriguez,19,63,C
2190,David Rodriguez,18,74,C
2191,Olivia Martinez,21,45,E
2192,David Davis,22,60,B
2193,Daniel Garcia,20,52,C
2194,Olivia Smith,24,58,A
2195,Emily Smith,19,76,C
2196,Sophia Rodriguez,22,92,E
2197,Alice Miller,25,40,A
2198,Sophia Davis,19,90,F
2199,Bob Williams,19,75,A
2200,John Jones,20,49,B
2201,Emily Rodriguez,20,80,C
2202,Sophia Miller,20,90,C
2203,John Martinez,21,64,D
2204,Alice Rodriguez,21,82,C
2205,Bob Johnson,20,62,D
2206,David Williams,24,44,A
2207,Sophia Rodriguez,22,91,D
2208,Sophia Smith,24,55,F
2209,Emma Williams,20,92,C
2210,Olivia Jones,18,96,A
2211,Olivia Rodriguez,20,80,C
2212,Emily Brown,18,91,A
2213,Daniel Jones,22,77,A
2214,Emily Miller,19,90,C
2215,Emma Jones,18,42,E
2216,Olivia Miller,25,63,F
2217,Chris Davis,23,77,F
2218,Emily Smith,18,54,E
2219,John Johnson,19,87,B
2220,Alice Miller,21,51,A
2221,Alice Brown,25,51,B
2222,David Smith,19,50,F
2223,Bob Jones,18,88,B
2224,Daniel Martinez,23,41,D
2225,Olivia Smith,21,43,D
2226,Emily Johnson,21,81,C
2227,David Davis,21,98,C
2228,Olivia Brown,20,84,A
2229,Alice Brown,18,94,F
2230,Daniel Garcia,25,53,D
2231,Daniel Miller,20,90,D
2232,Chris Johnson,24,93,D
2233,David Martinez,25,54,D
2234,John Brown,19,49,F
2235,Daniel Miller,23,88,D
2236,Emma Davis,21,47,B
2237,Sophia Jones,23,93,F
2238,Bob Miller,20,75,F
2239,Sophia Smith,19,43,E
2240,Bob Williams,18,81,C
2241,Olivia Miller,20,71,A
2242,Emma Rodriguez,25,66,A
2243,John Brown,22,56,A
2244,David Martinez,22,59,C
2245,John Williams,24,81,E
2246,Olivia Miller,18,75,F
2247,David Jones,23,77,F
2248,John Martinez,21,42,A
2249,John Brown,24,99,E
2250,Olivia Johnson,24,66,F
2251,Olivia Miller,25,42,C
2252,Emily Miller,23,44,A
2253,Olivia Johnson,18,73,E
2254,Olivia Smith,24,85,E
2255,Emma Martinez,25,57,E
2256,Emily Johnson,23,80,B
2257,Emily Brown,23,88,E
2258,Sophia Garcia,24,59,B
2259,Emma Rodriguez,22,80,B
2260,Daniel Brown,19,81,B
2261,Emma Williams,21,59,C
2262,Bob Jones,19,57,F
2263,John Williams,19,79,B
2264,Sophia Rodriguez,25,75,E
2265,Daniel Brown,22,83,A
2266,Alice Johnson,22,90,C
2267,John Williams,24,56,B
2268,Emma Jones,24,98,A
2269,Emily Johnson,24,68,F
2270,David Martinez,20,70,F
2271,Daniel Garcia,19,73,A
2272,Emma Smith,21,56,D
2273,David Williams,21,62,F
2274,Alice Rodriguez,20,65,C
2275,Bob Garcia,24,48,E
2276,Emma Johnson,23,81,F
2277,Emily Johnson,23,49,D
2278,Emily Martinez,25,52,C
2279,Emma Miller,20,48,E
2280,Alice Williams,24,52,D
2281,Emily Davis,18,83,A
2282,Daniel Brown,25,44,D
2283,Emma Jones,23,63,C
2284,Emma Martinez,18,92,D
2285,Sophia Jones,21,40,C
2286,Chris Brown,21,62,B
2287,Daniel Smith,19,49,B
2288,Emily Rodriguez,25,78,B
2289,Daniel Jones,24,49,D
2290,Daniel Williams,18,94,F
2291,David Brown,21,49,C
2292,Olivia Martinez,23,41,C
2293,Emily Martinez,24,72,A
2294,David Davis,25,47,F
2295,Alice Rodriguez,25,49,A
2296,John Rodriguez,25,54,F
2297,Sophia Johnson,18,44,A
2298,David Smith,23,75,F
2299,Emily Garcia,19,71,C
2300,Daniel Williams,19,72,F
2301,Chris Martinez,24,69,E
2302,Chris Rodriguez,24,62,D
2303,Chris Martinez,25,94,A
2304,Emma Jones,21,55,A
2305,Daniel Garcia,20,86,A
2306,Olivia Davis,20,88,A
2307,John Williams,18,60,C
2308,Emily Jones,19,60,E
2309,Daniel Garcia,19,56,D
2310,Alice Davis,22,89,A
2311,Emily Jones,19,56,B
2312,John Davis,21,46,A
2313,John Davis,21,63,F
2314,Bob Smith,25,82,C
2315,Emma Davis,21,46,B
2316,Sophia Jones,25,63,E
2317,Emma Rodriguez,22,56,D
2318,Sophia Rodriguez,24,77,D
2319,Chris Jones,19,56,E
2320,Emily Miller,19,100,A
2321,Emma Rodriguez,22,54,F
2322,Emily Jones,20,80,E
2323,Bob Smith,19,86,C
2324,David Johnson,21,100,D
2325,Sophia Garcia,19,40,D
2326,David Williams,21,52,A
2327,Daniel Johnson,19,98,B
2328,Olivia Smith,19,62,D
2329,Alice Rodriguez,19,56,C
2330,Emma Martinez,19,71,E
2331,Emily Johnson,24,79,C
2332,Chris Johnson,23,65,B
2333,Alice Williams,23,87,D
2334,David Smith,25,93,D
2335,David Miller,19,74,D
2336,Bob Williams,19,79,C
2337,Alice Smith,19,60,F
2338,John Smith,19,60,E
2339,Bob Davis,23,78,B
2340,Chris Williams,22,64,C
2341,Emma Rodriguez,23,92,C
2342,Alice Brown,20,93,B
2343,Alice Williams,18,40,A
2344,Emma Davis,25,83,A
2345,Emily Miller,21,52,D
2346,Chris Martinez,25,76,B
2347,Alice Garcia,19,89,B
2348,Chris Garcia,18,51,E
2349,Daniel Jones,24,53,A
2350,Chris Johnson,19,79,C
2351,Chris Jones,18,77,A
2352,David Martinez,25,58,A
2353,David Brown,21,65,F
2354,Olivia Jones,20,62,B
2355,Emma Jones,18,66,A
2356,John Davis,20,77,B
2357,Daniel Miller,21,57,E
2358,Emily Brown,20,45,E
2359,Emma Jones,18,94,B
2360,Chris Williams,20,49,E
2361,Alice Smith,18,84,D
2362,Chris Johnson,18,79,B
2363,Alice Williams,23,92,E
2364,Olivia Miller,18,72,B
2365,David Williams,25,66,D
2366,Daniel Martinez,18,72,C
2367,Chris Williams,24,52,A
2368,Olivia Garcia,18,100,D
2369,Chris Garcia,18,69,D
2370,Sophia Smith,21,53,C
2371,Alice Davis,23,48,D
2372,Emily Rodriguez,23,44,C
2373,Chris Davis,20,91,B
2374,Chris Rodriguez,24,81,B
2375,Emily Williams,22,96,A
2376,Emma Johnson,24,50,C
2377,Sophia Martinez,19,84,D
2378,David Williams,21,96,E
2379,Bob Smith,19,47,E
2380,Olivia Miller,18,68,C
2381,Daniel Brown,20,61,A
2382,Daniel Davis,22,49,D
2383,Daniel Rodriguez,18,43,A
2384,Emma Williams,22,93,E
2385,Alice Rodriguez,21,69,A
2386,David Jones,21,77,D
2387,Sophia Johnson,20,100,C
2388,Emily Jones,23,98,F
2389,Sophia Garcia,21,88,B
2390,Olivia Garcia,21,99,C
2391,Alice Brown,19,58,A
2392,Bob Williams,25,48,A
2393,Chris Brown,23,92,C
2394,David Jones,22,52,F
2395,Emma Davis,20,61,A
2396,Sophia Garcia,19,50,E
2397,Emily Miller,24,89,C
2398,Bob Smith,20,56,C
2399,Daniel Johnson,19,79,A
2400,Emma Jones,21,79,E
2401,Daniel Smith,22,61,F
2402,Sophia Smith,21,46,A
2403,Alice Smith,24,99,D
2404,David Brown,19,51,C
2405,Olivia Miller,21,43,E
2406,Emma Brown,25,88,F
2407,Sophia Miller,22,79,B
2408,Emily Brown,23,84,E
2409,Emily Brown,20,97,A
2410,Bob Rodriguez,18,89,E
2411,Bob Rodriguez,21,44,B
2412,Alice Garcia,21,67,E
2413,John Williams,21,88,A
2414,Sophia Johnson,22,62,A
2415,John Jones,22,62,C
2416,Chris Williams,23,97,E
2417,David Jones,19,95,F
2418,David Davis,24,42,E
2419,Daniel Garcia,23,52,D
2420,Chris Smith,24,87,F
2421,Alice Davis,21,91,E
2422,John Davis,23,69,E
2423,Olivia Smith,21,89,F
2424,John Johnson,25,54,A
2425,Olivia Miller,23,79,F
2426,Olivia Davis,22,51,C
2427,Olivia Jones,20,59,A
2428,Bob Martinez,22,91,C
2429,Alice Martinez,21,92,D
2430,Daniel Martinez,18,41,B
2431,Sophia Williams,22,89,E
2432,John Johnson,18,68,B
2433,Daniel Martinez,19,79,A
2434,John Williams,20,58,D
2435,John Jones,18,77,B
2436,Sophia Brown,25,54,C
2437,Olivia Martinez,18,58,E
2438,John Martinez,21,97,F
2439,Emma Rodriguez,22,45,F
2440,David Miller,18,47,F
2441,John Johnson,21,45,E
2442,John Jones,22,68,F
2443,Daniel Miller,24,78,F
2444,David Miller,20,100,D
2445,Emily Rodriguez,22,68,B
2446,David Garcia,24,92,F
2447,Olivia Miller,23,56,B
2448,Bob Brown,24,99,E
2449,David Williams,22,85,A
2450,John Garcia,21,87,C
2451,Emily Rodriguez,21,59,C
2452,Chris Williams,25,82,A
2453,David Williams,24,52,F
2454,Olivia Miller,19,55,D
2455,John Martinez,22,88,E
2456,Bob Brown,23,76,E
2457,Olivia Garcia,22,95,F
2458,Bob Johnson,21,76,A
2459,Emily Rodriguez,24,59,F
2460,David Miller,18,84,D
2461,Alice Martinez,20,74,C
2462,John Jones,23,87,A
2463,David Brown,21,57,A
2464,Bob Garcia,19,74,D
2465,Chris Johnson,18,64,F
2466,Chris Johnson,20,66,A
2467,Chris Rodriguez,24,73,F
2468,John Johnson,23,64,D
2469,David Williams,20,95,B
2470,Chris Johnson,20,50,D
2471,Bob Johnson,21,88,A
2472,Alice Williams,20,87,D
2473,John Jones,18,64,E
2474,Alice Smith,23,72,B
2475,Daniel Martinez,23,70,E
2476,John Garcia,22,82,E
2477,Olivia Williams,18,99,E
2478,Emma Martinez,19,81,F
2479,John Williams,21,72,C
2480,Emma Garcia,23,84,E
2481,Olivia Jones,23,67,F
2482,Chris Garcia,24,93,B
2483,Emily Miller,18,90,F
2484,Daniel Rodriguez,25,92,D
2485,Daniel Martinez,24,45,F
2486,Emma Garcia,23,79,A
2487,Alice Garcia,19,69,D
2488,Emily Miller,21,99,D
2489,Emma Rodriguez,22,67,E
2490,David Williams,20,62,B
2491,Emma Brown,24,78,B
2492,Chris Davis,19,42,A
2493,Bob Jones,18,76,E
2494,David Miller,24,99,D
2495,Daniel Rodriguez,24,96,F
2496,Chris Martinez,25,66,C
2497,Emma Miller,23,50,A
2498,Bob Martinez,21,62,E
2499,Chris Garcia,19,47,E
2500,Daniel Garcia,23,99,B
2501,Emma Rodriguez,22,65,D
2502,Emma Martinez,21,56,F
2503,Sophia Miller,21,97,C
2504,Emily Martinez,23,98,A
2505,Daniel Martinez,19,85,A
2506,Alice Garcia,23,43,E
2507,Olivia Garcia,22,92,E
2508,David Smith,24,55,F
2509,John Johnson,25,96,B
2510,Chris Martinez,22,71,C
2511,Bob Jones,20,62,E
2512,John Williams,19,75,C
2513,John Smith,18,61,B
2514,Alice Miller,19,79,F
2515,Bob Miller,21,62,C
2516,Olivia Smith,24,74,D
2517,Olivia Williams,23,93,E
2518,Chris Williams,23,71,A
2519,Sophia Martinez,23,46,C
2520,Olivia Martinez,18,47,F
2521,David Garcia,19,45,F
2522,Olivia Miller,25,94,C
2523,Daniel Smith,23,88,B
2524,Chris Garcia,22,45,A
2525,Bob Garcia,24,60,E
2526,Daniel Rodriguez,23,63,E
2527,David Johnson,20,90,C
2528,Chris Brown,22,92,D
2529,Emma Davis,20,52,F
2530,Daniel Jones,19,59,B
2531,Chris Brown,23,87,B
2532,Olivia Brown,21,80,E
2533,Emma Garcia,23,70,C
2534,Emma Johnson,25,96,D
2535,Alice Jones,21,93,C
2536,Sophia Smith,20,99,F
2537,Chris Williams,20,82,A
2538,Chris Martinez,22,60,D
2539,Chris Martinez,25,79,A
2540,Olivia Williams,19,50,C
2541,Sophia Johnson,23,70,D
2542,Alice Brown,21,75,E
2543,Emma Garcia,23,72,D
2544,Alice Rodriguez,19,69,B
2545,David Davis,18,80,D
2546,Bob Garcia,25,73,C
2547,David Martinez,19,94,D
2548,Chris Martinez,23,61,B
2549,Chris Brown,24,70,C
2550,Olivia Rodriguez,19,82,D
2551,David Johnson,23,62,C
2552,John Garcia,18,83,F
2553,Bob Brown,24,74,E
2554,Chris Garcia,25,93,C
2555,Alice Rodriguez,24,66,B
2556,Daniel Jones,18,61,D
2557,Emma Davis,21,72,E
2558,David Davis,18,65,B
2559,Bob Jones,18,46,B
2560,Sophia Johnson,19,93,F
2561,David Brown,23,46,F
2562,John Brown,22,70,A
2563,Daniel Brown,18,47,B
2564,Emily Williams,21,50,D
2565,Bob Smith,20,65,C
2566,Emily Miller,24,61,D
2567,Olivia Smith,23,55,A
2568,John Rodriguez,20,45,A
2569,Daniel Williams,22,64,E
2570,Chris Martinez,19,73,E
2571,Olivia Williams,20,59,E
2572,Emma Garcia,20,64,D
2573,Emma Miller,24,96,F
2574,Chris Jones,23,90,A
2575,David Jones,21,71,A
2576,Emma Rodriguez,23,68,E
2577,David Johnson,23,41,E
2578,Sophia Smith,25,63,B
2579,Alice Johnson,21,51,C
2580,Alice Martinez,22,74,D
2581,John Jones,25,74,C
2582,John Miller,25,92,C
2583,David Johnson,20,51,E
2584,Alice Martinez,22,46,A
2585,Emily Rodriguez,21,97,F
2586,David Jones,21,48,E
2587,Chris Miller,19,84,A
2588,Olivia Williams,18,82,C
2589,David Williams,23,75,E
2590,Chris Garcia,18,71,A
2591,Daniel Johnson,23,93,B
2592,Alice Smith,23,84,D
2593,Alice Johnson,23,52,F
2594,Emma Garcia,23,87,A
2595,Emily Miller,23,67,B
2596,Alice Smith,23,45,C
2597,Bob Garcia,23,60,C
2598,Sophia Brown,19,79,C
2599,Daniel Brown,24,75,B
2600,Bob Smith,25,57,D
2601,Bob Miller,21,72,C
2602,Alice Miller,23,93,A
2603,Chris Miller,23,40,C
2604,Bob Jones,21,70,A
2605,Daniel Johnson,21,64,C
2606,Daniel Davis,20,63,F
2607,Emma Johnson,19,61,A
2608,Sophia Rodriguez,19,71,E
2609,Sophia Jones,19,59,F
2610,Bob Johnson,20,50,F
2611,David Brown,22,73,D
2612,Alice Smith,24,97,A
2613,Alice Smith,24,77,D
2614,Emma Johnson,21,67,F
2615,Alice Davis,23,41,F
2616,Emily Williams,23,66,F
2617,Emma Rodriguez,24,88,A
2618,Bob Rodriguez,18,48,E
2619,Emma Smith,21,76,E
2620,Sophia Martinez,22,95,C
2621,Alice Jones,23,57,D
2622,Bob Garcia,24,62,D
2623,Daniel Davis,19,58,F
2624,David Miller,22,93,C
2625,Emma Brown,22,48,D
2626,Olivia Davis,23,96,D
2627,Daniel Martinez,25,86,C
2628,John Williams,22,92,E
2629,Sophia Garcia,24,64,B
2630,John Brown,23,96,E
2631,Bob Brown,24,61,A
2632,Emma Rodriguez,20,97,E
2633,Emily Garcia,25,45,E
2634,Daniel Williams,19,58,F
2635,Daniel Brown,19,80,C
2636,John Smith,21,74,B
2637,Emily Johnson,18,49,D
2638,Emily Rodriguez,23,50,A
2639,Bob Williams,19,87,F
2640,Emma Davis,20,85,C
2641,Emily Johnson,24,48,F
2642,Emma Brown,18,44,B
2643,Alice Johnson,24,72,A
2644,David Davis,21,81,A
2645,Bob Williams,22,61,C
2646,Bob Smith,24,92,A
2647,Chris Miller,23,93,F
2648,Bob Martinez,23,89,F
2649,David Garcia,19,71,E
2650,John Williams,23,52,B
2651,Olivia Martinez,25,59,D
2652,Bob Johnson,21,74,F
2653,John Brown,20,89,F
2654,David Garcia,19,41,B
2655,John Rodriguez,24,66,B
2656,Sophia Brown,19,99,F
2657,John Miller,21,61,A
2658,Bob Rodriguez,19,77,E
2659,Sophia Garcia,24,48,A
2660,Chris Rodriguez,19,70,C
2661,Daniel Davis,23,75,B
2662,Daniel Davis,24,82,A
2663,John Davis,22,96,F
2664,Emma Davis,21,45,E
2665,Emily Davis,19,53,A
2666,Alice Davis,25,49,A
2667,David Williams,19,99,A
2668,Daniel Garcia,25,56,F
2669,David Smith,23,58,C
2670,Daniel Brown,24,85,E
2671,Emma Johnson,22,87,E
2672,John Davis,18,55,B
2673,Sophia Miller,22,58,F
2674,David Smith,20,57,E
2675,Olivia Miller,20,82,A
2676,David Miller,25,57,C
2677,Bob Miller,21,55,F
2678,David Johnson,18,90,B
2679,Chris Rodriguez,18,48,E
2680,Olivia Martinez,21,59,D
2681,Olivia Rodriguez,23,41,C
2682,Alice Garcia,24,41,B
2683,Bob Rodriguez,23,57,F
2684,Bob Garcia,24,95,E
2685,Chris Williams,18,43,C
2686,Emma Smith,22,68,F
2687,Emma Johnson,22,67,A
2688,Chris Williams,23,68,F
2689,Bob Miller,19,44,B
2690,Olivia Davis,19,55,C
2691,John Miller,25,87,A
2692,Olivia Smith,22,58,C
2693,John Brown,25,54,D
2694,Alice Davis,20,91,A
2695,Daniel Johnson,24,86,F
2696,Emily Davis,25,66,B
2697,Bob Jones,23,71,F
2698,Daniel Jones,25,71,B
2699,Daniel Brown,22,88,B
2700,Olivia Martinez,20,62,E
2701,Bob Garcia,25,50,C
2702,Daniel Rodriguez,24,87,E
2703,Emily Williams,21,81,A
2704,John Garcia,21,72,A
2705,Daniel Johnson,24,84,F
2706,Alice Smith,19,51,A
2707,Bob Brown,19,56,F
2708,Bob Miller,19,93,E
2709,John Garcia,22,46,F
2710,Olivia Garcia,21,66,B
2711,Emma Martinez,25,76,F
2712,John Miller,25,55,D
2713,Chris Martinez,22,70,A
2714,Alice Miller,23,77,B
2715,Bob Martinez,23,74,F
2716,Olivia Martinez,18,89,E
2717,Alice Smith,19,83,D
2718,John Jones,23,43,B
2719,Sophia Brown,20,81,C
2720,Alice Davis,22,96,B
2721,Emma Rodriguez,23,83,F
2722,Alice Miller,19,52,B
2723,Chris Rodriguez,21,76,E
2724,David Rodriguez,21,56,A
2725,Olivia Garcia,24,69,A
2726,Emily Brown,21,41,A
2727,Emma Martinez,19,40,F
2728,Alice Martinez,22,58,F
2729,Sophia Brown,25,91,E
2730,Olivia Rodriguez,24,56,D
2731,John Brown,18,40,F
2732,Bob Brown,18,57,E
2733,Alice Rodriguez,18,53,D
2734,Emma Martinez,20,56,C
2735,Daniel Martinez,23,82,B
2736,Daniel Martinez,18,88,D
2737,Emily Rodriguez,24,61,A
2738,John Williams,18,71,F
2739,Alice Jones,25,52,D
2740,Emma Martinez,21,74,B
2741,Emma Martinez,21,69,F
2742,David Miller,18,50,C
2743,Alice Davis,23,75,C
2744,Emily Martinez,25,69,F
2745,Daniel Garcia,22,93,D
2746,David Jones,21,79,D
2747,Emma Rodriguez,25,70,B
2748,Chris Jones,24,89,D
2749,David Rodriguez,20,93,A
2750,Emily Garcia,25,55,F
2751,Sophia Rodriguez,19,94,C
2752,John Martinez,18,59,B
2753,Sophia Davis,24,75,E
2754,Emma Williams,20,71,C
2755,Alice Smith,18,49,E
2756,Daniel Smith,18,100,F
2757,David Johnson,21,42,A
2758,Emma Johnson,24,61,A
2759,John Miller,24,66,B
2760,Sophia Smith,18,61,C
2761,Sophia Smith,22,99,B
2762,Daniel Smith,24,56,D
2763,Daniel Davis,18,56,C
2764,John Davis,25,69,F
2765,Sophia Rodriguez,23,99,A
2766,John Brown,25,69,D
2767,Olivia Smith,25,92,A
2768,Bob Johnson,23,90,D
2769,David Brown,19,68,B
2770,Sophia Davis,24,83,D
2771,Sophia Martinez,24,94,A
2772,Olivia Williams,18,45,F
2773,Alice Miller,18,42,C
2774,Olivia Williams,22,42,B
2775,John Jones,24,93,C
2776,Sophia Jones,21,60,E
2777,Olivia Johnson,20,42,B
2778,John Davis,23,58,E
2779,Emily Martinez,23,52,D
2780,Emma Brown,24,51,F
2781,Daniel Martinez,24,68,F
2782,Alice Smith,25,88,E
2783,Daniel Johnson,22,57,C
2784,Emma Garcia,21,50,D
2785,Bob Davis,24,65,F
2786,John Martinez,23,52,D
2787,Sophia Martinez,23,58,D
2788,Bob Martinez,24,46,E
2789,Alice Brown,25,58,E
2790,Bob Davis,18,96,A
2791,Emma Miller,18,95,C
2792,Sophia Brown,23,66,C
2793,Chris Johnson,25,57,D
2794,Emily Miller,23,52,B
2795,Sophia Rodriguez,18,52,E
2796,Sophia Rodriguez,20,81,D
2797,Olivia Smith,21,87,C
2798,Emma Rodriguez,25,54,B
2799,John Williams,20,82,E
2800,Alice Garcia,24,97,C
2801,Emma Williams,22,47,B
2802,John Davis,22,100,F
2803,Emma Williams,19,74,C
2804,Emma Martinez,20,92,E
2805,John Rodriguez,24,67,F
2806,Olivia Garcia,19,75,A
2807,Olivia Garcia,22,59,E
2808,Bob Davis,18,47,F
2809,Daniel Martinez,21,80,C
2810,Bob Miller,19,98,A
2811,John Jones,21,66,A
2812,Bob Williams,25,62,F
2813,Emily Williams,18,56,D
2814,Bob Jones,20,55,C
2815,David Martinez,21,49,D
2816,Bob Rodriguez,18,50,C
2817,Chris Davis,23,69,E
2818,David Davis,18,67,C
2819,David Martinez,19,67,D
2820,Chris Williams,19,75,E
2821,John Miller,25,55,C
2822,Bob Rodriguez,24,67,C
2823,Chris Smith,25,86,C
2824,Chris Smith,23,46,E
2825,John Jones,19,74,F
2826,Emma Williams,24,89,F
2827,Chris Davis,23,70,D
2828,Daniel Johnson,21,57,D
2829,Olivia Williams,22,86,F
2830,Daniel Brown,18,49,E
2831,Bob Brown,25,89,E
2832,Emily Brown,22,66,D
2833,John Davis,25,54,C
2834,Sophia Rodriguez,22,97,A
2835,Emily Johnson,22,86,B
2836,Bob Jones,21,85,B
2837,Emily Jones,23,46,D
2838,Sophia Miller,23,53,C
2839,Emily Brown,24,58,C
2840,Olivia Davis,19,84,E
2841,John Johnson,23,67,F
2842,David Miller,18,89,D
2843,John Williams,23,63,E
2844,Alice Miller,21,91,E
2845,Emily Garcia,19,75,E
2846,Sophia Smith,23,51,A
2847,Emily Williams,19,41,A
2848,David Rodriguez,19,57,D
2849,Chris Davis,25,57,B
2850,John Johnson,24,91,C
2851,Alice Garcia,21,94,D
2852,Daniel Williams,19,89,D
2853,David Rodriguez,19,45,B
2854,Emily Jones,21,48,C
2855,Bob Smith,20,52,B
2856,Sophia Johnson,21,80,B
2857,David Jones,25,90,F
2858,Olivia Rodriguez,23,85,D
2859,Bob Williams,25,51,A
2860,Chris Garcia,22,54,F
2861,Bob Smith,24,85,B
2862,Emma Rodriguez,24,93,B
2863,John Miller,22,60,C
2864,Chris Williams,20,58,F
2865,Chris Williams,22,56,C
2866,David Rodriguez,24,43,F
2867,David Smith,20,56,A
2868,Bob Garcia,24,49,E
2869,Chris Rodriguez,18,45,D
2870,David Williams,24,69,F
2871,Emma Davis,22,90,A
2872,Emma Johnson,18,50,B
2873,Bob Martinez,20,52,F
2874,Sophia Jones,18,70,E
2875,Chris Rodriguez,19,59,A
2876,Bob Brown,19,65,E
2877,Chris Jones,21,74,A
2878,Emma Jones,20,70,C
2879,Daniel Martinez,22,40,D
2880,Sophia Rodriguez,22,95,B
2881,Emma Brown,25,90,B
2882,Alice Garcia,23,55,D
2883,Olivia Johnson,23,81,F
2884,Emily Williams,20,97,C
2885,Chris Martinez,19,97,A
2886,Alice Miller,20,69,B
2887,Emily Davis,19,75,E
2888,John Jones,19,65,B
2889,Sophia Garcia,20,60,B
2890,Emily Johnson,22,91,F
2891,Sophia Williams,22,98,C
2892,David Johnson,22,78,B
2893,John Martinez,22,68,C
2894,Chris Miller,21,98,C
2895,Sophia Davis,20,42,A
2896,Olivia Brown,19,93,B
2897,David Johnson,25,67,F
2898,Chris Johnson,25,62,C
2899,David Williams,25,73,A
2900,Olivia Smith,25,50,E
2901,Sophia Martinez,23,76,E
2902,Bob Johnson,24,43,D
2903,David Rodriguez,25,84,B
2904,John Miller,21,53,F
2905,Sophia Brown,24,70,D
2906,John Williams,20,81,B
2907,Daniel Jones,20,45,B
2908,Sophia Davis,22,64,A
2909,Bob Johnson,25,98,B
2910,John Davis,22,40,D
2911,David Davis,24,86,D
2912,Emily Garcia,22,91,F
2913,Bob Brown,19,87,E
2914,Daniel Davis,22,90,E
2915,Chris Brown,21,40,A
2916,Emma Williams,23,49,D
2917,Chris Williams,20,54,D
2918,John Davis,19,40,C
2919,Emily Smith,25,42,C
2920,Olivia Martinez,21,95,B
2921,Chris Johnson,24,43,C
2922,Chris Smith,22,89,F
2923,Chris Miller,23,60,A
2924,Chris Miller,25,49,D
2925,Emily Johnson,24,63,B
2926,Sophia Jones,23,54,C
2927,Sophia Brown,20,51,E
2928,Sophia Johnson,23,82,F
2929,Chris Davis,25,68,E
2930,Daniel Jones,23,89,A
2931,Bob Rodriguez,19,100,D
2932,Emma Miller,19,72,B
2933,Bob Williams,20,61,D
2934,Sophia Davis,18,91,F
2935,John Johnson,21,63,F
2936,Daniel Johnson,22,54,D
2937,Olivia Rodriguez,20,93,A
2938,John Martinez,24,83,C
2939,Bob Brown,24,69,E
2940,Emma Brown,19,50,C
2941,John Martinez,20,70,B
2942,Olivia Brown,22,40,B
2943,Daniel Garcia,18,93,C
2944,Daniel Johnson,22,79,C
2945,Chris Davis,19,64,F
2946,John Johnson,25,85,E
2947,Bob Garcia,20,67,C
2948,Sophia Martinez,18,82,B
2949,Olivia Davis,18,63,C
2950,Bob Jones,25,45,C
2951,Sophia Brown,19,91,C
2952,Sophia Johnson,25,46,E
2953,Emily Brown,21,45,B
2954,Emily Martinez,19,42,B
2955,Daniel Martinez,20,48,E
2956,Olivia Brown,18,60,F
2957,Sophia Jones,23,95,A
2958,John Brown,25,76,F
2959,Chris Brown,25,67,C
2960,Sophia Williams,18,48,E
2961,John Brown,21,92,F
2962,Olivia Garcia,24,69,B
2963,Emma Williams,18,87,F
2964,Daniel Miller,18,84,F
2965,Olivia Williams,23,92,A
2966,John Brown,19,91,E
2967,Alice Miller,19,88,B
2968,Bob Garcia,25,47,D
2969,Daniel Martinez,20,40,B
2970,Alice Jones,24,90,C
2971,David Smith,25,45,C
2972,John Williams,21,44,C
2973,Emily Martinez,24,86,E
2974,Daniel Johnson,21,57,C
2975,Bob Smith,22,72,D
2976,Sophia Smith,23,58,C
2977,Emily Martinez,24,59,F
2978,John Garcia,19,50,E
2979,Bob Martinez,22,53,B
2980,Sophia Garcia,18,72,C
2981,Chris Miller,23,99,A
2982,Emily Martinez,23,76,F
2983,Emily Davis,19,64,F
2984,Bob Garcia,18,46,F
2985,Bob Rodriguez,19,83,A
2986,Emily Rodriguez,20,60,D
2987,David Martinez,22,94,C
2988,Bob Johnson,19,73,E
2989,Daniel Williams,24,89,B
2990,Emma Miller,21,60,E
2991,Emily Brown,25,67,A
2992,Emily Smith,21,43,F
2993,David Johnson,19,44,A
2994,Daniel Rodriguez,20,45,D
2995,Olivia Brown,20,43,A
2996,Alice Johnson,18,86,C
2997,Chris Smith,18,80,D
2998,Sophia Williams,25,44,A
2999,David Martinez,25,98,F
3000,Olivia Rodriguez,22,97,B
3001,David Jones,24,96,A
3002,Emily Johnson,19,89,F
3003,Alice Williams,25,50,B
3004,David Smith,20,41,D
3005,Daniel Johnson,18,85,B
3006,Emily Rodriguez,22,76,A
3007,David Jones,24,61,A
3008,Emma Williams,22,46,C
3009,Chris Miller,22,80,A
3010,David Jones,22,57,C
3011,John Brown,24,75,D
3012,Daniel Davis,21,79,D
3013,Emily Rodriguez,25,50,B
3014,Olivia Brown,25,94,D
3015,Daniel Brown,23,59,A
3016,Chris Smith,18,76,D
3017,Emma Williams,18,94,C
3018,Bob Miller,18,93,C
3019,Olivia Martinez,24,69,A
3020,Emily Davis,24,42,C
3021,Olivia Smith,23,87,A
3022,Emily Williams,21,69,E
3023,Bob Davis,20,91,F
3024,Bob Miller,22,42,E
3025,Chris Garcia,19,44,B
3026,Sophia Garcia,20,40,B
3027,Daniel Martinez,21,83,C
3028,Emily Rodriguez,22,92,C
3029,John Davis,25,74,C
3030,Chris Garcia,19,44,A
3031,Sophia Martinez,25,48,D
3032,Emily Rodriguez,19,89,A
3033,Chris Martinez,23,88,F
3034,Bob Jones,22,73,F
3035,Emily Williams,23,47,C
3036,David Miller,22,53,C
3037,Daniel Martinez,19,80,C
3038,Chris Garcia,19,76,E
3039,Emma Miller,20,44,B
3040,Chris Rodriguez,21,62,A
3041,Bob Brown,19,61,A
3042,Daniel Johnson,20,81,C
3043,Sophia Miller,25,83,F
3044,David Martinez,18,80,C
3045,Chris Johnson,22,57,D
3046,Sophia Williams,25,95,F
3047,John Jones,18,85,E
3048,Sophia Garcia,20,71,F
3049,Emma Jones,19,87,C
3050,Chris Martinez,18,51,F
3051,Alice Williams,19,82,B
3052,Bob Davis,18,53,A
3053,Sophia Brown,25,82,E
3054,Emma Garcia,19,77,C
3055,David Brown,25,99,D
3056,Sophia Jones,21,90,E
3057,Emma Brown,19,60,C
3058,Bob Jones,18,50,D
3059,Olivia Johnson,23,96,A
3060,John Smith,25,72,A
3061,David Davis,19,48,A
3062,Daniel Martinez,21,57,A
3063,Daniel Smith,20,48,F
3064,Emily Garcia,21,51,D
3065,Emma Jones,25,59,E
3066,David Smith,25,91,A
3067,Emma Williams,23,44,F
3068,John Jones,22,89,A
3069,Bob Martinez,21,40,D
3070,Daniel Johnson,22,78,A
3071,Chris Davis,21,80,A
3072,Olivia Miller,18,46,F
3073,Olivia Martinez,25,77,E
3074,Chris Garcia,23,70,C
3075,Emma Jones,24,69,E
3076,Bob Davis,18,100,D
3077,Emily Rodriguez,21,59,F
3078,Bob Jones,22,69,A
3079,Olivia Johnson,24,70,D
3080,Daniel Miller,25,72,B
3081,Emily Williams,25,51,C
3082,Emma Martinez,24,98,A
3083,Emma Smith,19,47,D
3084,David Miller,19,70,C
3085,Olivia Rodriguez,24,44,F
3086,David Smith,23,61,B
3087,Daniel Smith,18,55,F
3088,Emma Miller,19,59,D
3089,Emily Johnson,21,97,E
3090,Sophia Rodriguez,19,70,A
3091,Chris Brown,19,46,D
3092,Chris Martinez,18,85,E
3093,Bob Martinez,20,81,C
3094,Emily Brown,24,82,B
3095,Olivia Brown,21,69,D
3096,Chris Brown,20,66,C
3097,Emma Williams,21,78,E
3098,John Miller,19,91,F
3099,Chris Jones,25,76,E
3100,Olivia Miller,21,58,F
3101,Sophia Rodriguez,21,86,C
3102,David Jones,22,61,D
3103,Alice Davis,18,97,A
3104,Bob Brown,25,85,D
3105,Alice Miller,18,99,F
3106,Sophia Rodriguez,21,74,E
3107,Olivia Martinez,18,48,F
3108,Emily Davis,21,61,F
3109,Olivia Smith,24,95,E
3110,Chris Jones,21,89,A
3111,David Davis,19,71,B
3112,Emma Smith,25,82,C
3113,Alice Smith,22,93,A
3114,Olivia Martinez,23,76,D
3115,Chris Martinez,24,81,E
3116,Bob Smith,25,73,E
3117,Daniel Smith,24,56,E
3118,Bob Martinez,21,90,D
3119,Olivia Johnson,19,44,E
3120,Sophia Martinez,20,88,E
3121,David Williams,18,73,F
3122,Emily Jones,22,78,F
3123,Alice Miller,19,66,B
3124,Sophia Garcia,23,77,E
3125,Sophia Davis,23,46,F
3126,Chris Miller,20,49,E
3127,Chris Brown,23,100,C
3128,Sophia Miller,24,83,E
3129,Bob Jones,18,52,F
3130,Emma Martinez,22,70,E
3131,Emma Rodriguez,24,71,F
3132,Chris Rodriguez,20,74,D
3133,Emma Brown,18,96,D
3134,Emma Davis,20,70,B
3135,Emily Williams,20,75,E
3136,Emily Martinez,24,43,E
3137,Emma Brown,25,92,D
3138,Emily Davis,24,44,E
3139,Emma Rodriguez,23,58,E
3140,Olivia Jones,22,86,C
3141,Emma Smith,22,80,A
3142,Emily Garcia,19,40,B
3143,Bob Smith,18,69,E
3144,Emma Smith,21,43,E
3145,Bob Jones,24,98,A
3146,Emily Smith,20,69,C
3147,Alice Johnson,23,46,F
3148,John Rodriguez,20,58,A
3149,Daniel Johnson,24,98,A
3150,John Davis,24,63,D
3151,Emily Jones,22,65,D
3152,Alice Brown,18,62,E
3153,Daniel Brown,20,62,F
3154,Emma Davis,22,76,E
3155,Olivia Garcia,25,47,D
3156,Emma Rodriguez,22,71,C
3157,Emily Garcia,20,58,C
3158,Emily Brown,24,83,A
3159,Daniel Martinez,23,44,B
3160,Bob Brown,25,51,A
3161,Emma Johnson,22,62,B
3162,Olivia Davis,20,94,D
3163,Emily Smith,25,69,E
3164,John Rodriguez,22,66,D
3165,Alice Johnson,18,77,C
3166,Sophia Miller,20,100,B
3167,Sophia Brown,19,88,A
3168,Chris Miller,24,76,F
3169,Chris Garcia,19,44,A
3170,Sophia Garcia,18,60,B
3171,Chris Martinez,19,62,D
3172,Alice Brown,20,50,F
3173,Alice Jones,25,75,F
3174,Sophia Williams,23,94,E
3175,David Brown,18,94,E
3176,John Miller,18,100,D
3177,Emma Williams,20,96,B
3178,Chris Martinez,22,65,F
3179,Daniel Brown,19,69,C
3180,Bob Davis,20,51,E
3181,Sophia Garcia,19,97,F
3182,Emily Williams,18,94,D
3183,Alice Smith,21,64,F
3184,Alice Garcia,21,47,A
3185,Chris Jones,22,85,B
3186,David Garcia,21,76,F
3187,Emma Martinez,20,47,E
3188,David Davis,18,53,E
3189,David Brown,19,96,E
3190,Olivia Brown,18,47,D
3191,Alice Martinez,21,99,F
3192,David Miller,23,92,A
3193,Bob Smith,20,78,D
3194,Sophia Miller,23,98,A
3195,Chris Garcia,20,74,D
3196,Chris Williams,19,47,D
3197,Emma Martinez,18,83,D
3198,Chris Rodriguez,20,55,B
3199,Bob Johnson,25,54,F
3200,Olivia Jones,25,71,F
3201,David Jones,24,71,F
3202,Daniel Jones,19,65,C
3203,Emily Garcia,18,53,A
3204,Emily Rodriguez,25,76,D
3205,Bob Johnson,24,62,C
3206,Emma Johnson,21,61,B
3207,Bob Miller,20,76,E
3208,Daniel Garcia,25,79,C
3209,Olivia Rodriguez,20,46,D
3210,David Smith,20,97,B
3211,Emily Jones,18,70,D
3212,David Martinez,25,79,E
3213,Olivia Brown,24,48,B
3214,Alice Davis,19,89,C
3215,Chris Williams,22,98,C
3216,Bob Smith,25,78,B
3217,Emily Williams,22,63,B
3218,Alice Miller,25,40,A
3219,John Garcia,25,88,D
3220,Alice Rodriguez,23,81,F
3221,Alice Garcia,22,79,C
3222,Daniel Smith,23,80,B
3223,Emma Jones,20,89,B
3224,Emma Rodriguez,19,99,A
3225,Chris Brown,19,100,F
3226,Olivia Brown,25,53,F
3227,Alice Smith,23,58,A
3228,Sophia Williams,21,53,D
3229,John Brown,21,50,A
3230,Emily Rodriguez,20,55,C
3231,Alice Johnson,18,87,F
3232,Emily Garcia,22,50,F
3233,Olivia Brown,21,50,C
3234,Sophia Brown,20,77,F
3235,Alice Jones,25,84,C
3236,John Brown,20,47,A
3237,Sophia Jones,23,42,C
3238,John Smith,22,55,A
3239,David Miller,18,68,E
3240,Chris Smith,21,58,D
3241,John Williams,23,79,E
3242,Emily Rodriguez,24,79,F
3243,John Smith,24,50,C
3244,Emma Brown,24,63,A
3245,John Garcia,23,60,D
3246,Emma Jones,22,86,B
3247,Olivia Rodriguez,23,50,F
3248,Alice Miller,19,51,A
3249,Daniel Davis,19,49,C
3250,Emily Martinez,19,67,C
3251,Sophia Davis,19,92,E
3252,Daniel Miller,25,61,D
3253,John Smith,20,59,D
3254,Emma Johnson,21,41,F
3255,Emily Johnson,24,100,C
3256,David Martinez,22,66,C
3257,Emily Miller,19,87,F
3258,Emily Rodriguez,18,87,D
3259,John Jones,20,95,A
3260,David Rodriguez,18,99,D
3261,Emma Davis,19,96,B
3262,David Williams,25,74,B
3263,Daniel Johnson,24,71,D
3264,Sophia Rodriguez,23,83,E
3265,Sophia Brown,19,73,B
3266,Emma Davis,25,64,A
3267,David Martinez,20,67,A
3268,Emily Williams,23,72,D
3269,Emily Martinez,24,46,E
3270,Bob Jones,22,100,E
3271,Sophia Davis,25,62,B
3272,Emma Martinez,23,57,F
3273,Emma Garcia,19,65,D
3274,Bob Rodriguez,18,92,B
3275,John Rodriguez,21,54,F
3276,David Brown,18,95,D
3277,Daniel Johnson,21,80,A
3278,Chris Martinez,19,42,E
3279,Emily Brown,22,64,F
3280,Daniel Williams,20,71,A
3281,David Jones,23,55,E
3282,Daniel Davis,21,95,F
3283,Olivia Davis,23,56,A
3284,David Williams,23,44,B
3285,John Williams,21,80,A
3286,Emma Williams,22,97,F
3287,Bob Johnson,20,49,F
3288,Bob Miller,22,94,A
3289,Emily Garcia,18,65,F
3290,Sophia Davis,22,66,F
3291,John Jones,19,94,A
3292,Emily Rodriguez,23,53,E
3293,Bob Johnson,19,49,D
3294,Alice Johnson,18,63,C
3295,Alice Smith,25,74,B
3296,David Miller,22,57,E
3297,Emma Williams,23,83,C
3298,Chris Garcia,24,49,B
3299,Sophia Smith,19,67,F
3300,Sophia Williams,25,82,D
3301,Olivia Martinez,19,56,D
3302,David Williams,24,59,F
3303,John Jones,24,87,F
3304,Daniel Rodriguez,18,84,F
3305,Daniel Williams,22,73,F
3306,David Garcia,23,51,D
3307,Sophia Jones,19,69,A
3308,Daniel Miller,18,65,B
3309,Sophia Jones,25,70,F
3310,Olivia Williams,19,50,E
3311,Sophia Martinez,24,45,D
3312,Alice Davis,22,97,B
3313,Daniel Miller,24,89,B
3314,Bob Williams,22,59,E
3315,Alice Miller,24,80,B
3316,Chris Johnson,21,99,D
3317,Sophia Garcia,25,69,B
3318,Chris Jones,25,51,D
3319,Chris Williams,22,53,B
3320,Sophia Miller,21,63,D
3321,John Williams,24,46,F
3322,Chris Miller,22,57,B
3323,Bob Garcia,24,86,B
3324,John Miller,20,60,D
3325,David Johnson,23,91,C
3326,Bob Martinez,24,86,E
3327,Daniel Smith,25,50,E
3328,Bob Johnson,18,43,F
3329,Bob Miller,24,92,E
3330,Olivia Smith,23,66,B
3331,Chris Rodriguez,25,45,C
3332,Bob Garcia,20,72,F
3333,Chris Jones,21,56,E
3334,Emily Williams,19,67,C
3335,Olivia Jones,24,77,C
3336,Sophia Jones,18,91,C
3337,John Garcia,25,77,E
3338,Olivia Garcia,18,87,B
3339,Alice Davis,21,84,F
3340,Emily Brown,19,52,B
3341,Emily Rodriguez,22,73,E
3342,Emma Martinez,22,68,F
3343,John Miller,23,45,C
3344,Bob Brown,19,75,A
3345,Emily Rodriguez,22,70,E
3346,Alice Garcia,18,40,A
3347,Alice Johnson,23,70,B
3348,Emily Brown,21,71,D
3349,Sophia Miller,24,70,B
3350,John Smith,22,95,B
3351,Bob Williams,23,68,B
3352,Sophia Smith,20,63,E
3353,Alice Davis,21,48,C
3354,Daniel Davis,24,80,E
3355,David Davis,23,75,E
3356,Daniel Johnson,19,42,D
3357,Chris Smith,18,52,C
3358,Bob Martinez,23,55,C
3359,Alice Garcia,25,62,B
3360,Olivia Johnson,22,91,D
3361,Olivia Williams,22,85,E
3362,John Miller,19,46,F
3363,Chris Williams,19,53,C
3364,John Jones,22,87,F
3365,Emma Johnson,20,84,E
3366,John Williams,18,70,C
3367,Emily Rodriguez,24,63,A
3368,Chris Miller,25,71,D
3369,Alice Rodriguez,22,88,B
3370,Daniel Rodriguez,24,43,E
3371,Alice Williams,21,87,F
3372,Chris Brown,24,87,B
3373,Bob Davis,20,73,A
3374,Daniel Martinez,24,90,C
3375,Emma Davis,21,74,F
3376,Emma Williams,22,54,F
3377,John Davis,22,80,D
3378,Emily Williams,24,43,A
3379,Alice Garcia,24,91,D
3380,Chris Williams,18,59,B
3381,John Garcia,24,58,E
3382,Alice Davis,24,80,D
3383,Chris Johnson,20,49,D
3384,Sophia Davis,25,63,B
3385,Emily Davis,20,62,C
3386,Emily Miller,21,82,A
3387,Chris Davis,25,79,D
3388,Bob Williams,19,66,A
3389,Emma Rodriguez,25,65,B
3390,Emily Johnson,22,92,F
3391,Bob Smith,24,40,B
3392,John Johnson,21,59,D
3393,Daniel Martinez,18,62,C
3394,Olivia Williams,23,53,B
3395,Emma Johnson,22,91,F
3396,David Williams,21,100,C
3397,Daniel Miller,25,74,B
3398,Chris Rodriguez,19,59,E
3399,Chris Miller,18,65,F
3400,Chris Williams,18,56,E
3401,Sophia Rodriguez,24,58,C
3402,Chris Williams,23,75,A
3403,Emily Davis,24,62,F
3404,Daniel Rodriguez,19,84,F
3405,Olivia Brown,22,44,E
3406,Emily Brown,19,85,A
3407,John Martinez,25,44,F
3408,Emma Martinez,24,45,C
3409,Sophia Davis,25,48,D
3410,John Davis,19,97,C
3411,Daniel Miller,25,77,A
3412,Daniel Garcia,18,73,D
3413,Emily Brown,23,50,B
3414,David Smith,24,73,E
3415,David Davis,20,71,B
3416,Alice Garcia,21,82,D
3417,John Jones,25,45,B
3418,Sophia Brown,21,68,C
3419,Emily Smith,20,92,F
3420,Daniel Williams,23,95,E
3421,David Williams,18,58,E
3422,Emma Davis,23,60,D
3423,Sophia Garcia,24,77,B
3424,Sophia Martinez,21,44,B
3425,Emily Davis,21,97,D
3426,Sophia Brown,24,92,F
3427,Daniel Garcia,25,40,D
3428,Bob Brown,22,65,C
3429,Alice Martinez,18,55,A
3430,Olivia Jones,23,77,F
3431,Emma Davis,18,87,E
3432,Daniel Garcia,25,63,F
3433,Bob Jones,24,40,F
3434,Emily Smith,19,64,D
3435,Emily Garcia,25,52,E
3436,John Miller,21,64,B
3437,John Williams,25,74,F
3438,Alice Johnson,20,100,E
3439,Emma Brown,18,46,B
3440,David Williams,24,40,B
3441,Olivia Rodriguez,24,88,A
3442,Chris Brown,24,84,D
3443,Daniel Miller,23,93,B
3444,Bob Martinez,25,87,F
3445,Sophia Brown,23,56,D
3446,Olivia Brown,22,64,D
3447,Chris Williams,20,48,C
3448,Emma Martinez,20,46,B
3449,Olivia Miller,20,97,C
3450,Sophia Jones,19,64,B
3451,Olivia Rodriguez,20,61,D
3452,Olivia Johnson,25,66,C
3453,Olivia Brown,24,95,C
3454,Daniel Williams,21,47,D
3455,Bob Rodriguez,19,88,E
3456,Daniel Brown,19,82,C
3457,Emily Brown,25,69,C
3458,John Jones,21,98,C
3459,Emma Jones,25,41,D
3460,Chris Jones,20,56,E
3461,David Martinez,19,42,C
3462,Emma Martinez,19,95,A
3463,Chris Davis,22,88,E
3464,John Miller,25,86,D
3465,Alice Jones,22,69,A
3466,Alice Smith,25,60,A
3467,Bob Johnson,20,63,E
3468,Bob Brown,24,82,C
3469,David Miller,19,70,C
3470,Sophia Rodriguez,20,60,E
3471,Emily Brown,25,64,C
3472,David Brown,25,47,A
3473,Olivia Williams,20,59,C
3474,Sophia Martinez,21,47,D
3475,Alice Garcia,20,78,E
3476,Emily Williams,24,77,F
3477,Emma Rodriguez,24,41,D
3478,Emma Davis,25,51,D
3479,Olivia Jones,18,97,D
3480,David Martinez,24,98,C
3481,Alice Miller,19,55,B
3482,Chris Brown,25,69,C
3483,Bob Brown,18,86,D
3484,Alice Garcia,25,67,E
3485,Chris Jones,24,43,E
3486,Bob Garcia,18,99,B
3487,Chris Johnson,23,87,D
3488,Emma Johnson,21,77,E
3489,Alice Davis,20,56,B
3490,Emily Martinez,22,76,F
3491,Emma Rodriguez,24,97,C
3492,Alice Miller,22,59,C
3493,David Rodriguez,19,98,A
3494,Emily Jones,22,95,F
3495,John Johnson,19,98,E
3496,Bob Brown,24,51,A
3497,Olivia Miller,25,91,D
3498,Sophia Miller,20,87,A
3499,Daniel Williams,20,95,D
3500,Emily Garcia,22,97,D
3501,Olivia Davis,24,48,C
3502,Emma Williams,18,64,A
3503,Daniel Smith,21,72,C
3504,David Williams,18,65,E
3505,Alice Miller,23,63,B
3506,Emma Davis,18,69,A
3507,Chris Davis,19,64,A
3508,Bob Martinez,24,42,E
3509,Alice Brown,25,84,B
3510,Sophia Brown,19,94,A
3511,Emma Williams,24,79,F
3512,Emma Williams,19,77,E
3513,Alice Garcia,22,43,F
3514,Chris Rodriguez,25,47,D
3515,Bob Davis,21,70,C
3516,David Smith,18,67,E
3517,Sophia Brown,19,44,E
3518,Sophia Brown,23,91,D
3519,Olivia Garcia,18,72,D
3520,Chris Davis,25,80,A
3521,Emily Smith,22,82,B
3522,David Davis,23,69,B
3523,Sophia Garcia,24,86,E
3524,Alice Williams,22,51,B
3525,Bob Jones,18,45,B
3526,Alice Rodriguez,18,79,B
3527,David Williams,24,94,E
3528,Daniel Williams,18,79,C
3529,Bob Rodriguez,25,74,F
3530,Emily Brown,25,54,C
3531,Bob Williams,19,97,E
3532,Chris Brown,24,50,F
3533,Emma Martinez,19,65,F
3534,Bob Smith,24,86,B
3535,Emily Smith,18,47,C
3536,Chris Garcia,22,43,F
3537,Sophia Jones,24,97,E
3538,Sophia Rodriguez,23,64,C
3539,Bob Martinez,25,57,C
3540,Daniel Davis,19,92,F
3541,David Garcia,18,92,F
3542,Emily Johnson,21,88,F
3543,John Martinez,24,65,B
3544,Emily Jones,23,77,D
3545,Daniel Brown,20,74,D
3546,Chris Brown,24,71,B
3547,Alice Davis,18,42,F
3548,John Jones,19,91,E
3549,John Rodriguez,20,65,A
3550,Chris Brown,19,93,D
3551,Bob Garcia,18,48,C
3552,John Williams,25,51,C
3553,Daniel Smith,19,92,E
3554,Emma Davis,24,49,C
3555,Chris Smith,22,48,F
3556,Bob Davis,18,63,C
3557,Olivia Smith,23,82,E
3558,Emma Johnson,20,80,E
3559,John Williams,24,86,E
3560,Emma Miller,25,99,A
3561,Emma Garcia,19,59,D
3562,Bob Miller,22,43,D
3563,Daniel Johnson,22,80,B
3564,Daniel Johnson,21,89,D
3565,Alice Smith,18,98,B
3566,John Davis,24,45,D
3567,Chris Miller,25,64,E
3568,Bob Johnson,25,70,F
3569,Alice Smith,18,50,C
3570,Chris Johnson,24,65,B
3571,Sophia Miller,22,50,F
3572,Chris Garcia,19,50,B
3573,Chris Johnson,22,54,A
3574,Chris Jones,24,85,A
3575,Daniel Miller,22,62,F
3576,Emma Davis,24,48,E
3577,John Jones,21,72,C
3578,Emma Brown,19,54,F
3579,Emma Brown,24,72,E
3580,Alice Williams,22,41,E
3581,Alice Martinez,20,84,F
3582,Bob Smith,25,69,C
3583,Daniel Jones,21,97,E
3584,Chris Garcia,19,83,E
3585,David Miller,22,68,C
3586,David Smith,23,98,E
3587,Emma Brown,23,76,F
3588,Daniel Jones,23,93,B
3589,Emma Johnson,24,51,C
3590,Emily Jones,23,85,A
3591,David Jones,25,69,B
3592,Olivia Johnson,24,81,C
3593,Alice Brown,19,50,F
3594,John Rodriguez,18,46,F
3595,David Brown,21,46,C
3596,Daniel Miller,19,96,F
3597,Bob Williams,23,68,D
3598,David Johnson,21,61,E
3599,Chris Jones,25,53,F
3600,Alice Davis,25,61,B
3601,Chris Martinez,21,82,F
3602,Emily Johnson,21,65,B
3603,Alice Davis,24,49,B
3604,John Garcia,23,79,B
3605,Olivia Miller,23,42,B
3606,Sophia Johnson,24,76,E
3607,Bob Miller,19,64,F
3608,Emma Davis,21,95,B
3609,Emma Martinez,25,67,B
3610,Daniel Jones,21,94,B
3611,John Johnson,18,95,A
3612,Sophia Miller,22,49,C
3613,Bob Smith,25,96,C
3614,Daniel Johnson,21,75,E
3615,Bob Martinez,23,79,A
3616,Emma Davis,22,96,A
3617,Sophia Williams,25,89,F
3618,Sophia Martinez,21,63,C
3619,Bob Johnson,20,44,A
3620,Alice Williams,24,85,E
3621,Emily Davis,21,82,D
3622,Daniel Davis,24,52,A
3623,Alice Rodriguez,18,52,A
3624,Bob Brown,24,44,D
3625,Bob Brown,24,50,F
3626,Chris Williams,21,60,C
3627,Daniel Garcia,25,93,A
3628,Sophia Martinez,22,50,E
3629,Sophia Brown,25,89,F
3630,Bob Garcia,25,47,A
3631,Bob Brown,22,51,B
3632,Emma Davis,24,80,C
3633,Alice Rodriguez,25,62,B
3634,Bob Miller,24,44,E
3635,Bob Davis,24,55,A
3636,Emma Johnson,20,64,D
3637,Bob Jones,23,43,D
3638,Alice Rodriguez,23,45,C
3639,Olivia Jones,23,43,D
3640,Emily Davis,22,71,E
3641,Olivia Smith,21,50,B
3642,Daniel Garcia,25,72,D
3643,Sophia Martinez,25,100,E
3644,Daniel Johnson,18,80,D
3645,Bob Smith,21,54,C
3646,Olivia Davis,24,51,B
3647,Daniel Johnson,25,69,C
3648,Sophia Smith,24,43,A
3649,Bob Garcia,21,40,A
3650,Alice Jones,22,83,E
3651,Daniel Jones,24,85,D
3652,Chris Davis,23,68,F
3653,David Garcia,22,56,E
3654,Emily Martinez,24,83,C
3655,Emma Brown,23,67,E
3656,Daniel Garcia,20,87,C
3657,Emily Williams,20,72,C
3658,Emily Smith,22,58,C
3659,John Garcia,21,40,D
3660,Alice Rodriguez,22,85,F
3661,David Jones,25,100,E
3662,Olivia Williams,24,60,E
3663,John Miller,24,86,E
3664,John Rodriguez,19,62,D
3665,Olivia Brown,19,95,A
3666,Sophia Davis,19,51,F
3667,Emma Jones,18,71,D
3668,Alice Jones,22,99,D
3669,John Johnson,25,54,D
3670,David Brown,18,40,D
3671,Sophia Williams,25,79,C
3672,Olivia Brown,21,51,E
3673,Emma Miller,25,67,C
3674,Alice Jones,22,67,E
3675,Sophia Johnson,23,44,D
3676,David Johnson,22,86,B
3677,Daniel Smith,20,100,B
3678,Emily Davis,18,57,C
3679,David Rodriguez,25,61,A
3680,David Jones,23,51,F
3681,Sophia Smith,19,95,E
3682,John Jones,22,68,E
3683,David Martinez,22,100,B
3684,David Williams,23,87,D
3685,Chris Smith,20,56,D
3686,Bob Williams,25,58,C
3687,David Miller,18,62,A
3688,John Rodriguez,22,58,F
3689,Emily Brown,19,64,A
3690,Sophia Jones,21,57,F
3691,John Rodriguez,18,65,C
3692,Emma Martinez,18,53,A
3693,Chris Jones,23,82,E
3694,David Miller,24,78,D
3695,Emily Johnson,23,46,A
3696,Olivia Johnson,21,71,F
3697,Alice Garcia,18,77,B
3698,Daniel Smith,21,81,F
3699,Alice Johnson,25,58,F
3700,Olivia Miller,20,40,C
3701,Sophia Williams,23,41,F
3702,Sophia Brown,19,74,B
3703,John Jones,19,82,A
3704,Sophia Davis,25,49,D
3705,Sophia Miller,21,57,B
3706,David Miller,19,46,A
3707,Emma Garcia,20,63,E
3708,Daniel Garcia,19,76,D
3709,Chris Brown,25,46,D
3710,Emily Martinez,24,62,E
3711,David Rodriguez,22,84,A
3712,Olivia Davis,22,48,E
3713,Sophia Jones,19,75,C
3714,Sophia Martinez,21,90,A
3715,Bob Brown,20,73,C
3716,David Rodriguez,19,72,D
3717,Bob Garcia,18,98,F
3718,Emily Smith,22,77,A
3719,Alice Miller,18,68,D
3720,Emma Johnson,24,94,A
3721,Chris Davis,23,75,D
3722,Olivia Smith,25,90,A
3723,Chris Brown,21,84,F
3724,Sophia Rodriguez,25,96,E
3725,Sophia Rodriguez,21,87,E
3726,Olivia Williams,22,44,F
3727,Olivia Johnson,20,52,D
3728,Chris Jones,19,61,B
3729,Emily Williams,20,54,F
3730,Alice Rodriguez,23,47,B
3731,Emma Smith,24,99,E
3732,David Davis,18,66,E
3733,David Johnson,18,97,B
3734,Emma Brown,21,77,F
3735,Sophia Smith,22,86,F
3736,Daniel Williams,24,59,B
3737,Daniel Davis,25,64,C
3738,David Jones,25,67,F
3739,Chris Jones,24,93,B
3740,Chris Rodriguez,25,44,D
3741,Sophia Jones,21,69,D
3742,John Martinez,18,69,F
3743,John Williams,20,46,E
3744,John Martinez,21,93,B
3745,Bob Davis,23,72,F
3746,Daniel Johnson,24,97,D
3747,Emily Johnson,20,72,C
3748,Daniel Miller,23,100,B
3749,Bob Martinez,19,48,B
3750,Chris Jones,22,81,F
3751,David Garcia,21,75,E
3752,Bob Rodriguez,24,98,D
3753,Olivia Davis,20,50,A
3754,Sophia Williams,25,42,B
3755,Bob Rodriguez,23,49,A
3756,Daniel Brown,19,96,C
3757,Chris Davis,20,100,A
3758,Emily Jones,21,68,A
3759,Emily Johnson,23,68,D
3760,Alice Jones,18,56,F
3761,Bob Smith,20,100,B
3762,Alice Davis,18,61,B
3763,David Garcia,24,48,B
3764,Chris Jones,21,74,B
3765,David Johnson,18,51,D
3766,Chris Johnson,19,42,C
3767,John Jones,22,58,D
3768,Bob Martinez,23,71,E
3769,John Jones,25,89,E
3770,Olivia Smith,25,99,A
3771,David Jones,22,100,D
3772,David Jones,23,95,E
3773,Olivia Williams,19,81,C
3774,Emma Williams,21,52,C
3775,Olivia Smith,24,59,E
3776,Emma Garcia,24,78,D
3777,Bob Rodriguez,21,100,B
3778,Emma Jones,24,46,B
3779,Emma Garcia,24,96,C
3780,Daniel Jones,21,40,E
3781,David Davis,19,89,A
3782,Olivia Johnson,23,89,F
3783,Chris Jones,22,56,A
3784,Chris Jones,24,61,F
3785,Emily Jones,21,73,C
3786,Bob Williams,24,50,D
3787,Emily Jones,20,96,E
3788,Bob Smith,22,72,E
3789,Alice Martinez,19,98,D
3790,David Smith,20,91,D
3791,Olivia Martinez,22,92,D
3792,Emily Davis,22,52,B
3793,Emily Martinez,24,93,F
3794,Sophia Martinez,21,54,B
3795,Alice Smith,21,99,A
3796,David Williams,23,76,A
3797,John Smith,22,94,F
3798,Emma Miller,25,98,F
3799,Emily Brown,25,67,C
3800,Sophia Martinez,23,82,A
3801,Daniel Brown,18,40,C
3802,Alice Davis,25,53,C
3803,Emma Williams,23,62,E
3804,Daniel Garcia,23,73,C
3805,Sophia Williams,21,74,B
3806,Sophia Jones,20,68,A
3807,Emily Rodriguez,22,69,A
3808,Daniel Rodriguez,24,51,F
3809,Olivia Garcia,19,77,E
3810,Emma Davis,22,55,B
3811,Emily Rodriguez,22,81,C
3812,Emma Williams,18,75,F
3813,Emily Martinez,25,40,C
3814,Daniel Brown,22,42,E
3815,Emma Davis,21,98,A
3816,Chris Rodriguez,21,84,D
3817,Alice Jones,20,92,E
3818,Emma Martinez,21,97,A
3819,David Davis,23,48,D
3820,John Martinez,21,88,E
3821,Emma Williams,24,90,F
3822,Chris Brown,24,99,A
3823,Emily Brown,22,83,E
3824,Emma Smith,18,48,D
3825,Daniel Smith,22,95,C
3826,John Brown,24,41,D
3827,Emily Rodriguez,25,78,D
3828,Emily Martinez,23,65,A
3829,Bob Garcia,21,86,E
3830,Emily Martinez,18,50,C
3831,Emma Garcia,25,55,E
3832,John Rodriguez,21,44,F
3833,Bob Johnson,19,66,E
3834,Sophia Brown,20,98,D
3835,Olivia Martinez,23,63,B
3836,John Brown,18,55,E
3837,Emily Rodriguez,18,43,F
3838,Emily Rodriguez,20,69,E
3839,Olivia Brown,19,88,B
3840,Alice Miller,21,98,B
3841,Olivia Williams,19,73,B
3842,John Davis,19,64,D
3843,Sophia Martinez,24,66,C
3844,Emma Johnson,20,54,E
3845,Sophia Garcia,18,73,E
3846,Emily Johnson,20,78,D
3847,Sophia Martinez,20,63,B
3848,Alice Smith,18,93,E
3849,Daniel Rodriguez,22,51,B
3850,Emily Davis,24,53,B
3851,Olivia Garcia,19,93,A
3852,Alice Rodriguez,25,97,B
3853,Sophia Brown,18,68,D
3854,Daniel Miller,20,52,E
3855,Chris Miller,24,87,B
3856,John Garcia,20,45,A
3857,Alice Garcia,19,43,E
3858,Bob Williams,19,86,E
3859,Olivia Rodriguez,19,56,E
3860,John Smith,18,74,C
3861,Emma Brown,21,89,C
3862,Daniel Johnson,20,74,F
3863,Sophia Johnson,18,45,F
3864,Sophia Jones,23,64,D
3865,John Miller,25,78,E
3866,Chris Rodriguez,24,93,D
3867,Chris Smith,20,82,F
3868,David Garcia,21,46,B
3869,Bob Jones,18,46,B
3870,John Johnson,24,76,F
3871,Olivia Jones,22,52,C
3872,John Davis,20,47,C
3873,Bob Garcia,23,93,E
3874,Olivia Jones,24,96,E
3875,Bob Rodriguez,24,66,B
3876,Bob Johnson,23,78,F
3877,Chris Garcia,18,84,F
3878,Sophia Williams,19,84,A
3879,Alice Jones,22,78,E
3880,Olivia Johnson,24,83,A
3881,Alice Rodriguez,20,83,B
3882,Olivia Martinez,21,44,C
3883,Bob Brown,21,60,C
3884,Bob Williams,20,79,A
3885,Emma Smith,22,56,A
3886,David Martinez,23,41,F
3887,Bob Jones,23,95,C
3888,John Rodriguez,21,87,B
3889,Olivia Rodriguez,18,54,F
3890,Emma Jones,21,51,B
3891,Emily Brown,22,98,A
3892,John Smith,25,77,B
3893,Bob Williams,24,66,E
3894,Emily Jones,24,83,F
3895,Sophia Rodriguez,23,88,C
3896,Emily Smith,23,47,F
3897,Bob Rodriguez,18,40,B
3898,Sophia Jones,19,43,F
3899,John Jones,20,45,E
3900,Chris Williams,21,84,C
3901,Emma Johnson,24,53,F
3902,Alice Smith,22,82,A
3903,John Rodriguez,18,47,E
3904,Olivia Williams,24,81,E
3905,John Rodriguez,25,66,C
3906,Chris Brown,19,77,E
3907,David Johnson,20,91,A
3908,Olivia Davis,19,86,F
3909,Alice Rodriguez,18,68,F
3910,Olivia Garcia,18,58,C
3911,Alice Davis,25,88,A
3912,Olivia Jones,19,83,F
3913,Bob Jones,22,94,A
3914,Emma Martinez,22,91,C
3915,Olivia Smith,21,41,D
3916,Chris Smith,19,54,C
3917,David Rodriguez,20,77,E
3918,Alice Johnson,22,43,C
3919,Daniel Brown,18,82,E
3920,David Williams,20,68,E
3921,Chris Martinez,24,88,F
3922,Emma Martinez,23,95,E
3923,Alice Smith,22,50,F
3924,Bob Jones,21,82,F
3925,John Smith,22,92,D
3926,Olivia Miller,20,57,A
3927,Alice Brown,23,46,B
3928,David Rodriguez,19,66,A
3929,Emma Martinez,25,47,C
3930,Sophia Davis,22,47,B
3931,Emily Johnson,23,71,C
3932,Daniel Johnson,18,83,B
3933,Chris Miller,20,71,B
3934,Sophia Brown,20,57,A
3935,Daniel Johnson,22,74,B
3936,John Davis,19,59,C
3937,Daniel Davis,22,50,C
3938,Emma Johnson,18,68,C
3939,Alice Williams,24,42,D
3940,Emily Smith,19,80,A
3941,Chris Jones,25,42,A
3942,David Miller,20,69,A
3943,David Smith,18,56,D
3944,Chris Miller,25,41,F
3945,Sophia Miller,19,68,A
3946,Chris Smith,23,76,C
3947,Sophia Davis,22,80,A
3948,Chris Johnson,20,55,C
3949,Daniel Brown,23,56,A
3950,Chris Smith,23,51,E
3951,Alice Smith,24,52,A
3952,Sophia Miller,20,87,F
3953,Chris Miller,22,96,E
3954,John Brown,19,91,F
3955,Sophia Rodriguez,19,52,E
3956,Chris Rodriguez,24,45,E
3957,Olivia Davis,18,47,F
3958,David Martinez,18,46,B
3959,Chris Smith,23,48,E
3960,Bob Johnson,23,99,F
3961,Alice Martinez,22,91,C
3962,John Williams,24,85,A
3963,Sophia Martinez,25,84,C
3964,Bob Jones,23,48,C
3965,Emma Williams,21,48,F
3966,Olivia Rodriguez,22,41,C
3967,Olivia Garcia,24,91,A
3968,Chris Miller,24,41,F
3969,David Rodriguez,25,61,B
3970,John Smith,20,58,B
3971,Sophia Brown,23,96,A
3972,John Miller,19,78,C
3973,Emma Davis,18,94,A
3974,Alice Johnson,20,42,A
3975,John Johnson,20,52,F
3976,Bob Miller,21,42,D
3977,Emma Davis,20,80,B
3978,Emily Miller,23,69,A
3979,David Garcia,19,72,A
3980,Emma Martinez,19,89,C
3981,Bob Martinez,23,59,A
3982,Daniel Davis,24,62,C
3983,Daniel Garcia,23,96,B
3984,Chris Miller,22,94,C
3985,Daniel Davis,22,91,A
3986,Alice Smith,24,59,E
3987,Olivia Garcia,20,57,A
3988,Daniel Garcia,22,67,C
3989,Emily Garcia,25,86,C
3990,Daniel Garcia,18,83,E
3991,Bob Martinez,22,66,E
3992,Daniel Jones,25,73,E
3993,Chris Jones,20,64,D
3994,Emma Garcia,25,81,C
3995,Emily Brown,18,58,F
3996,Bob Johnson,20,91,F
3997,Olivia Johnson,21,84,B
3998,David Miller,23,91,B
3999,Bob Martinez,18,62,D
4000,Emma Smith,21,46,D
4001,Sophia Brown,21,50,A
4002,John Garcia,23,72,D
4003,Olivia Jones,22,81,F
4004,Chris Jones,20,44,B
4005,Daniel Brown,21,85,C
4006,Alice Williams,20,65,E
4007,Emma Johnson,20,63,D
4008,Bob Rodriguez,24,43,B
4009,David Williams,22,58,F
4010,Chris Williams,23,83,B
4011,John Davis,19,62,B
4012,John Garcia,22,71,B
4013,Olivia Smith,24,77,A
4014,John Martinez,24,86,F
4015,Olivia Miller,22,53,C
4016,Olivia Smith,21,96,D
4017,David Brown,22,67,A
4018,John Jones,23,86,B
4019,Emma Rodriguez,25,45,C
4020,John Smith,25,41,C
4021,Emily Martinez,24,97,D
4022,Emma Jones,18,72,D
4023,Olivia Martinez,23,65,C
4024,Sophia Williams,23,59,F
4025,Emily Williams,21,85,B
4026,Alice Jones,19,74,C
4027,Bob Smith,23,41,C
4028,Chris Davis,24,47,C
4029,Daniel Brown,22,88,A
4030,Sophia Miller,21,53,A
4031,Daniel Smith,21,54,F
4032,Emily Davis,25,42,B
4033,Alice Williams,19,64,B
4034,Olivia Martinez,24,91,D
4035,David Brown,22,87,F
4036,Emma Smith,21,80,B
4037,Alice Williams,25,91,A
4038,John Jones,21,43,E
4039,Daniel Jones,18,78,B
4040,David Miller,18,74,A
4041,Chris Brown,18,97,C
4042,Alice Jones,25,42,A
4043,Daniel Davis,25,90,C
4044,Emily Williams,19,71,F
4045,Alice Davis,22,73,D
4046,Daniel Brown,21,71,F
4047,Daniel Smith,21,65,F
4048,David Brown,19,55,F
4049,Bob Miller,19,69,A
4050,John Garcia,22,82,A
4051,Sophia Davis,24,67,A
4052,David Martinez,21,61,C
4053,Emma Miller,24,62,A
4054,John Smith,23,97,E
4055,Olivia Williams,23,99,A
4056,John Garcia,18,61,C
4057,Olivia Brown,24,100,D
4058,Bob Williams,19,56,E
4059,Emma Martinez,22,55,B
4060,Sophia Martinez,20,57,F
4061,Sophia Smith,21,71,A
4062,David Williams,24,75,D
4063,Chris Rodriguez,19,55,F
4064,Alice Garcia,18,59,B
4065,Olivia Rodriguez,21,42,D
4066,David Garcia,24,75,E
4067,John Davis,23,74,B
4068,Chris Smith,18,69,E
4069,David Miller,25,71,B
4070,Chris Brown,24,43,F
4071,Emily Smith,20,49,D
4072,Daniel Smith,18,70,E
4073,Olivia Martinez,21,87,C
4074,Emma Davis,24,70,C
4075,Olivia Miller,23,66,B
4076,Sophia Johnson,25,51,B
4077,Daniel Davis,24,75,E
4078,John Johnson,19,91,D
4079,Daniel Jones,25,68,E
4080,Sophia Davis,24,88,E
4081,Emma Smith,23,67,F
4082,David Miller,21,95,E
4083,Alice Brown,19,74,A
4084,Emily Martinez,20,48,F
4085,Emily Martinez,21,66,A
4086,Emily Martinez,23,62,A
4087,Emily Brown,19,98,E
4088,John Johnson,21,86,A
4089,Chris Smith,21,97,F
4090,Alice Brown,25,63,A
4091,Daniel Miller,21,86,F
4092,Chris Martinez,20,74,F
4093,Sophia Miller,25,50,F
4094,Sophia Martinez,24,67,C
4095,Olivia Miller,21,63,F
4096,Daniel Williams,24,85,F
4097,Alice Jones,19,99,B
4098,Emma Martinez,18,95,B
4099,Emma Davis,25,43,B
4100,Olivia Jones,24,74,D
4101,Alice Williams,18,56,E
4102,Alice Johnson,22,73,F
4103,Bob Smith,24,65,A
4104,Chris Davis,25,79,F
4105,Chris Garcia,23,51,F
4106,David Brown,24,45,D
4107,John Garcia,22,71,B
4108,Emma Johnson,24,79,C
4109,Olivia Johnson,25,96,D
4110,John Garcia,22,53,A
4111,Alice Jones,19,56,D
4112,Alice Martinez,18,58,D
4113,Bob Brown,24,96,F
4114,Alice Johnson,19,76,A
4115,Sophia Garcia,25,58,F
4116,Emily Rodriguez,23,91,F
4117,Alice Williams,21,64,C
4118,Sophia Smith,23,51,F
4119,Emma Garcia,25,98,B
4120,David Davis,23,40,B
4121,Alice Johnson,23,86,B
4122,Bob Brown,25,68,F
4123,Daniel Smith,25,49,D
4124,David Miller,23,79,E
4125,Emma Johnson,23,70,E
4126,Alice Garcia,22,48,B
4127,Daniel Brown,21,76,B
4128,Sophia Martinez,24,87,B
4129,Bob Garcia,20,57,C
4130,Daniel Williams,19,62,E
4131,Emma Jones,21,60,D
4132,Daniel Davis,20,62,D
4133,Daniel Jones,20,79,F
4134,Emily Jones,18,62,F
4135,Sophia Jones,20,55,E
4136,Olivia Brown,24,84,E
4137,Emily Miller,22,60,A
4138,Sophia Martinez,21,61,B
4139,David Garcia,22,99,E
4140,John Davis,19,58,F
4141,Sophia Johnson,21,79,A
4142,John Williams,24,85,D
4143,Emma Garcia,25,51,F
4144,Emma Johnson,22,92,A
4145,David Jones,25,86,C
4146,Chris Miller,21,54,B
4147,Emily Miller,23,47,C
4148,Emily Johnson,20,80,F
4149,Bob Brown,22,63,C
4150,Chris Davis,21,77,A
4151,Bob Williams,20,81,A
4152,Alice Garcia,24,84,C
4153,Daniel Miller,18,88,F
4154,Bob Jones,18,79,C
4155,Sophia Brown,18,66,A
4156,David Garcia,21,74,E
4157,Sophia Johnson,22,44,B
4158,Olivia Johnson,22,40,E
4159,John Rodriguez,22,84,C
4160,John Rodriguez,22,91,B
4161,Alice Williams,21,78,D
4162,Emma Martinez,23,42,E
4163,Bob Brown,18,76,B
4164,Bob Miller,21,82,F
4165,Daniel Martinez,18,90,C
4166,Alice Martinez,23,75,E
4167,David Davis,21,96,A
4168,Emma Garcia,24,54,D
4169,Olivia Davis,21,86,D
4170,Emma Rodriguez,18,47,B
4171,Bob Garcia,24,60,C
4172,Daniel Johnson,21,80,D
4173,Emma Johnson,24,65,A
4174,Emma Brown,18,65,D
4175,Olivia Smith,25,60,B
4176,Bob Miller,20,83,C
4177,Olivia Martinez,25,98,C
4178,Alice Jones,23,85,D
4179,Alice Jones,25,80,E
4180,Sophia Johnson,19,44,A
4181,John Martinez,22,89,E
4182,Emily Jones,19,46,E
4183,Bob Rodriguez,22,52,E
4184,Emma Martinez,19,77,F
4185,Emily Jones,20,83,A
4186,David Miller,23,68,D
4187,Daniel Jones,25,87,D
4188,Bob Rodriguez,20,50,C
4189,David Williams,18,76,C
4190,John Jones,20,54,A
4191,Emily Johnson,18,43,B
4192,Emily Martinez,20,67,D
4193,Emma Jones,23,86,E
4194,Olivia Williams,23,48,E
4195,Emma Garcia,18,85,D
4196,David Davis,22,91,F
4197,Emma Garcia,18,64,B
4198,Sophia Miller,21,88,B
4199,Emma Davis,25,88,B
4200,Sophia Williams,21,40,D
4201,Emma Rodriguez,20,55,B
4202,Emily Brown,24,61,C
4203,David Williams,22,68,B
4204,Bob Brown,19,87,C
4205,Bob Davis,19,48,E
4206,Chris Martinez,25,43,C
4207,David Johnson,19,70,E
4208,Alice Davis,19,94,A
4209,Emily Martinez,18,98,E
4210,Daniel Brown,22,76,A
4211,Daniel Davis,25,63,E
4212,Chris Rodriguez,25,40,F
4213,Daniel Garcia,18,97,D
4214,John Martinez,19,52,C
4215,Chris Garcia,25,47,C
4216,John Rodriguez,22,51,F
4217,David Martinez,21,87,F
4218,Sophia Jones,22,50,D
4219,Bob Smith,22,83,A
4220,Bob Smith,19,99,D
4221,John Davis,19,72,E
4222,John Brown,22,92,B
4223,Sophia Miller,24,92,B
4224,Daniel Martinez,20,69,D
4225,Bob Johnson,18,83,E
4226,Olivia Garcia,21,77,A
4227,Bob Jones,20,87,A
4228,Daniel Rodriguez,22,69,B
4229,Emma Jones,18,55,A
4230,Alice Brown,21,97,A
4231,Emily Williams,22,47,D
4232,Chris Jones,20,63,E
4233,Bob Jones,20,95,E
4234,Sophia Miller,23,72,D
4235,John Williams,22,91,B
4236,Emily Rodriguez,19,97,F
4237,Emily Smith,25,59,E
4238,Emily Smith,20,94,B
4239,Chris Smith,18,43,B
4240,Sophia Smith,23,57,F
4241,Chris Davis,24,91,B
4242,Sophia Jones,22,90,D
4243,Sophia Brown,22,73,C
4244,Chris Garcia,20,53,A
4245,Emily Jones,19,65,A
4246,Daniel Johnson,21,41,E
4247,Emma Miller,24,77,E
4248,Bob Brown,21,66,D
4249,Olivia Rodriguez,20,79,D
4250,Emma Martinez,20,86,D
4251,Olivia Miller,23,59,A
4252,Emma Smith,23,55,F
4253,Olivia Jones,19,74,D
4254,John Davis,20,43,B
4255,John Smith,19,74,C
4256,David Garcia,20,76,B
4257,David Davis,22,69,F
4258,David Williams,22,91,C
4259,Bob Williams,24,53,B
4260,Alice Garcia,22,96,D
4261,David Jones,22,95,E
4262,Chris Martinez,20,66,B
4263,Emma Johnson,24,98,B
4264,Chris Miller,19,94,C
4265,Alice Brown,25,50,B
4266,David Miller,20,91,B
4267,Sophia Johnson,21,86,F
4268,Chris Davis,25,63,C
4269,Sophia Davis,19,42,B
4270,Daniel Brown,25,54,D
4271,Bob Rodriguez,23,62,A
4272,Daniel Johnson,22,56,A
4273,Daniel Rodriguez,22,44,F
4274,Sophia Garcia,19,43,B
4275,David Smith,20,73,C
4276,Bob Jones,18,68,C
4277,Emily Davis,18,45,E
4278,Daniel Williams,19,76,A
4279,Olivia Rodriguez,21,52,E
4280,Daniel Rodriguez,22,92,C
4281,Alice Williams,22,57,C
4282,Emily Miller,23,90,C
4283,John Johnson,20,41,D
4284,Emily Martinez,25,70,E
4285,Alice Garcia,19,79,A
4286,Bob Brown,20,76,E
4287,Olivia Davis,19,64,D
4288,Emma Martinez,22,45,A
4289,Alice Johnson,24,98,E
4290,Emma Miller,19,59,F
4291,Emma Miller,21,68,A
4292,Emma Garcia,21,59,A
4293,David Martinez,18,94,C
4294,Alice Rodriguez,19,51,E
4295,David Johnson,24,43,D
4296,John Miller,23,79,C
4297,Emily Miller,22,68,D
4298,Olivia Rodriguez,24,99,F
4299,Olivia Johnson,22,42,A
4300,Olivia Brown,20,42,E
4301,Chris Jones,18,40,C
4302,Sophia Martinez,21,82,B
4303,David Smith,24,58,A
4304,Emma Brown,20,88,C
4305,Alice Jones,20,52,E
4306,John Jones,21,78,F
4307,Bob Jones,23,86,D
4308,Chris Davis,20,70,F
4309,Sophia Rodriguez,22,87,E
4310,John Garcia,19,93,E
4311,David Smith,24,86,C
4312,Emily Johnson,22,49,F
4313,Emily Garcia,22,58,C
4314,Sophia Martinez,23,47,D
4315,Sophia Jones,18,94,C
4316,Daniel Miller,23,73,B
4317,Olivia Johnson,25,91,A
4318,David Johnson,25,67,E
4319,John Miller,18,89,D
4320,Alice Brown,19,83,D
4321,Daniel Davis,23,74,F
4322,Emily Jones,18,62,F
4323,Sophia Jones,22,75,D
4324,John Smith,22,68,E
4325,Alice Rodriguez,19,63,E
4326,Alice Jones,19,91,E
4327,Daniel Davis,19,84,A
4328,Sophia Rodriguez,21,99,F
4329,Olivia Garcia,22,54,A
4330,Olivia Davis,25,59,B
4331,Alice Smith,19,55,A
4332,Chris Martinez,18,95,F
4333,Chris Jones,20,51,E
4334,Daniel Miller,19,50,B
4335,John Davis,20,84,F
4336,Emma Jones,18,96,B
4337,Alice Miller,19,89,D
4338,Daniel Martinez,22,83,F
4339,Daniel Davis,22,46,D
4340,Olivia Williams,19,59,C
4341,John Williams,20,72,C
4342,Sophia Brown,22,90,F
4343,Sophia Jones,18,41,F
4344,Olivia Garcia,21,61,F
4345,Olivia Johnson,19,74,C
4346,Alice Rodriguez,21,45,E
4347,John Johnson,24,92,B
4348,Emma Davis,25,79,D
4349,Olivia Johnson,19,88,F
4350,John Martinez,21,53,B
4351,David Jones,20,78,A
4352,David Miller,25,55,C
4353,John Martinez,18,57,F
4354,Sophia Miller,25,84,E
4355,Sophia Miller,22,95,F
4356,John Johnson,23,81,B
4357,Emily Brown,24,100,D
4358,Bob Rodriguez,24,91,D
4359,Bob Williams,19,46,E
4360,Bob Brown,18,46,C
4361,Olivia Martinez,20,50,E
4362,Olivia Williams,23,47,D
4363,John Jones,18,78,B
4364,Sophia Miller,18,53,C
4365,Alice Miller,18,98,C
4366,Emma Brown,23,67,B
4367,Emily Rodriguez,25,81,C
4368,Emma Jones,18,94,C
4369,Olivia Martinez,19,94,E
4370,Daniel Brown,19,68,F
4371,Daniel Jones,18,89,F
4372,David Miller,22,66,A
4373,Alice Jones,20,45,F
4374,Olivia Williams,22,83,C
4375,Alice Martinez,19,97,D
4376,Emma Jones,25,99,A
4377,Daniel Miller,18,75,C
4378,Daniel Miller,20,62,D
4379,Bob Davis,19,91,A
4380,Chris Rodriguez,21,57,D
4381,Chris Garcia,23,51,C
4382,Emma Rodriguez,18,63,C
4383,Alice Brown,24,84,A
4384,Emma Garcia,18,82,C
4385,David Garcia,22,60,E
4386,John Davis,25,72,D
4387,David Williams,21,91,F
4388,Sophia Jones,25,97,A
4389,Sophia Smith,19,97,D
4390,Olivia Brown,21,42,F
4391,John Miller,24,53,F
4392,Olivia Jones,22,46,B
4393,Chris Smith,22,62,A
4394,Emma Jones,21,99,D
4395,Olivia Williams,22,75,B
4396,Bob Brown,21,69,A
4397,David Davis,20,67,A
4398,Emily Jones,24,49,B
4399,David Davis,22,61,C
4400,Emily Rodriguez,21,97,E
4401,Alice Williams,25,85,B
4402,Emma Williams,20,65,C
4403,Bob Miller,25,81,B
4404,Bob Johnson,24,58,C
4405,Daniel Brown,22,58,F
4406,Emma Smith,23,42,F
4407,Daniel Johnson,21,68,A
4408,Olivia Johnson,22,43,B
4409,David Miller,24,59,B
4410,Sophia Jones,21,90,B
4411,Alice Rodriguez,18,87,F
4412,Bob Miller,25,53,E
4413,Chris Jones,25,50,C
4414,Emily Smith,23,77,B
4415,Sophia Smith,19,66,B
4416,John Rodriguez,21,92,A
4417,John Miller,21,68,B
4418,John Davis,18,85,C
4419,Bob Brown,20,60,E
4420,Olivia Johnson,20,44,B
4421,David Williams,20,69,F
4422,Emily Davis,20,73,C
4423,David Jones,24,88,E
4424,David Rodriguez,22,72,A
4425,Emma Williams,19,72,F
4426,Olivia Johnson,18,67,D
4427,Chris Davis,20,48,F
4428,John Martinez,18,63,E
4429,Bob Williams,19,96,D
4430,Bob Davis,22,62,E
4431,Sophia Jones,25,93,C
4432,Bob Davis,19,99,C
4433,Bob Garcia,18,78,F
4434,Sophia Smith,22,76,A
4435,Daniel Smith,24,63,E
4436,Daniel Johnson,25,88,F
4437,Daniel Jones,19,76,F
4438,Emily Brown,19,65,D
4439,Bob Johnson,21,64,C
4440,Alice Smith,18,42,C
4441,Emily Miller,19,46,B
4442,Emma Brown,22,79,D
4443,David Jones,20,45,E
4444,Olivia Martinez,21,52,B
4445,Bob Johnson,24,72,B
4446,Daniel Garcia,24,42,F
4447,Alice Johnson,18,100,D
4448,Bob Jones,23,99,E
4449,Olivia Smith,23,44,E
4450,Chris Garcia,24,63,F
4451,Bob Davis,24,48,E
4452,Olivia Davis,23,70,E
4453,Bob Williams,23,80,A
4454,Daniel Brown,24,58,E
4455,Alice Smith,18,70,D
4456,Chris Davis,21,78,B
4457,Emily Jones,21,87,E
4458,Daniel Jones,18,64,F
4459,Olivia Davis,24,80,A
4460,Daniel Williams,19,56,A
4461,Bob Brown,25,42,E
4462,Emily Smith,18,85,C
4463,Emily Williams,24,62,A
4464,David Smith,22,95,F
4465,John Martinez,25,40,E
4466,Alice Davis,19,49,A
4467,Emily Davis,22,96,F
4468,Alice Jones,21,74,E
4469,John Brown,20,64,A
4470,Bob Brown,25,70,D
4471,Bob Martinez,25,82,B
4472,Emily Brown,18,70,C
4473,Emily Smith,23,71,C
4474,Bob Jones,25,98,B
4475,Olivia Williams,23,41,A
4476,Olivia Brown,20,95,B
4477,Olivia Williams,24,52,C
4478,Emily Brown,24,53,A
4479,Olivia Brown,25,96,C
4480,David Garcia,21,44,F
4481,Chris Smith,18,58,E
4482,Sophia Miller,19,93,A
4483,Emily Williams,22,100,E
4484,Alice Johnson,19,96,F
4485,David Miller,19,78,D
4486,Chris Miller,20,54,E
4487,Sophia Williams,25,87,F
4488,Emily Brown,21,60,C
4489,Emma Miller,19,85,B
4490,Chris Martinez,21,92,A
4491,Bob Rodriguez,22,86,F
4492,Emily Jones,20,56,C
4493,David Miller,23,47,B
4494,Emma Jones,20,72,D
4495,Emily Jones,23,71,F
4496,Sophia Rodriguez,24,40,B
4497,Chris Miller,24,40,D
4498,Sophia Jones,24,73,F
4499,John Martinez,21,86,C
4500,Bob Rodriguez,22,81,E
4501,Emily Martinez,22,84,C
4502,Chris Smith,20,57,D
4503,Sophia Garcia,22,54,B
4504,Alice Miller,19,89,B
4505,Sophia Williams,22,55,F
4506,Bob Jones,21,57,D
4507,Alice Davis,22,56,B
4508,Emily Miller,23,64,D
4509,Emily Davis,23,94,F
4510,Emma Miller,21,46,E
4511,Emily Garcia,23,66,F
4512,Emma Rodriguez,23,40,C
4513,Emily Davis,20,81,E
4514,Emma Johnson,25,78,B
4515,John Davis,21,92,A
4516,Emily Williams,24,96,A
4517,Olivia Rodriguez,20,77,B
4518,Alice Johnson,24,48,D
4519,Bob Rodriguez,19,98,D
4520,Bob Smith,19,89,F
4521,Emily Garcia,22,67,E
4522,Chris Jones,19,50,A
4523,Alice Williams,18,51,D
4524,Chris Johnson,25,69,D
4525,Emily Rodriguez,22,95,D
4526,Olivia Johnson,23,49,E
4527,David Johnson,20,96,E
4528,Olivia Johnson,21,40,D
4529,Sophia Martinez,24,90,E
4530,John Garcia,21,84,B
4531,Chris Miller,19,53,F
4532,Alice Miller,22,48,C
4533,John Martinez,24,82,D
4534,Olivia Brown,20,68,C
4535,Bob Williams,25,40,C
4536,John Martinez,20,81,D
4537,David Davis,23,99,B
4538,Chris Rodriguez,18,95,D
4539,Daniel Rodriguez,23,69,E
4540,Olivia Garcia,19,79,D
4541,Chris Miller,19,77,B
4542,Olivia Williams,25,63,F
4543,David Williams,23,65,A
4544,John Rodriguez,19,68,C
4545,Bob Jones,23,99,A
4546,John Miller,25,68,F
4547,Daniel Brown,24,77,B
4548,Chris Rodriguez,22,42,C
4549,John Garcia,23,87,F
4550,David Rodriguez,23,59,D
4551,Emma Rodriguez,23,93,C
4552,John Martinez,22,76,C
4553,David Martinez,21,70,C
4554,John Williams,19,41,D
4555,Daniel Davis,22,65,D
4556,Emma Johnson,21,86,E
4557,Sophia Jones,25,72,F
4558,John Rodriguez,18,80,C
4559,Olivia Johnson,18,51,A
4560,John Williams,19,55,E
4561,Chris Williams,20,81,F
4562,Alice Johnson,19,90,D
4563,Sophia Johnson,22,55,B
4564,Olivia Martinez,21,80,F
4565,Chris Williams,21,91,B
4566,Olivia Johnson,25,42,C
4567,David Rodriguez,19,96,D
4568,Emma Smith,19,84,F
4569,John Williams,21,98,F
4570,John Miller,20,61,E
4571,David Smith,22,72,C
4572,Emily Jones,23,89,B
4573,David Davis,21,97,E
4574,Emma Miller,18,47,C
4575,John Brown,18,74,D
4576,Alice Miller,25,71,B
4577,Emma Garcia,21,75,C
4578,John Jones,21,78,D
4579,Emma Martinez,21,86,B
4580,David Johnson,25,46,E
4581,Daniel Garcia,22,67,D
4582,David Smith,20,89,C
4583,Sophia Smith,21,91,D
4584,John Garcia,24,88,A
4585,Emily Jones,22,45,B
4586,Emma Williams,21,70,A
4587,Olivia Brown,22,54,A
4588,John Martinez,22,88,A
4589,David Williams,23,60,F
4590,Olivia Miller,18,68,C
4591,David Miller,20,54,F
4592,Alice Jones,21,56,A
4593,Alice Rodriguez,21,80,D
4594,Olivia Garcia,20,73,F
4595,Chris Johnson,23,61,B
4596,Bob Davis,23,65,D
4597,Sophia Miller,24,99,F
4598,Sophia Garcia,20,49,C
4599,Emily Garcia,19,41,E
4600,Bob Jones,23,66,E
4601,Chris Rodriguez,18,64,C
4602,Emily Garcia,24,71,E
4603,Bob Garcia,23,55,C
4604,Bob Brown,25,48,F
4605,Emma Williams,24,79,C
4606,Emma Jones,24,47,C
4607,Chris Jones,25,85,D
4608,Emma Jones,23,82,F
4609,Emily Miller,18,93,E
4610,Olivia Miller,20,70,C
4611,Emily Miller,25,74,A
4612,David Davis,18,41,C
4613,John Garcia,25,88,A
4614,Alice Davis,24,59,B
4615,Olivia Smith,25,63,A
4616,Emily Johnson,23,79,C
4617,Chris Williams,23,74,B
4618,Chris Williams,23,91,D
4619,Olivia Brown,24,40,D
4620,Daniel Williams,24,42,F
4621,John Miller,18,95,B
4622,David Jones,23,65,E
4623,Alice Brown,20,83,C
4624,Bob Smith,21,85,B
4625,John Smith,25,81,C
4626,Olivia Davis,24,45,F
4627,David Jones,21,86,F
4628,Emily Davis,19,51,A
4629,Sophia Miller,22,66,B
4630,Alice Rodriguez,21,82,A
4631,Olivia Brown,23,62,C
4632,John Martinez,22,56,D
4633,Bob Jones,24,83,C
4634,Sophia Jones,18,100,E
4635,Emma Jones,20,40,F
4636,Alice Rodriguez,23,98,A
4637,Olivia Martinez,25,77,E
4638,John Miller,19,71,B
4639,John Brown,19,46,D
4640,Bob Garcia,22,65,A
4641,Alice Martinez,25,53,C
4642,Bob Davis,22,90,B
4643,Daniel Johnson,21,60,F
4644,Emma Johnson,25,84,A
4645,David Jones,25,44,A
4646,David Rodriguez,21,65,A
4647,Daniel Johnson,19,62,D
4648,Olivia Rodriguez,23,73,A
4649,Sophia Rodriguez,22,91,C
4650,John Rodriguez,22,63,F
4651,Alice Martinez,23,79,B
4652,Emma Martinez,23,91,B
4653,Bob Johnson,19,72,D
4654,Olivia Johnson,23,55,B
4655,Emily Martinez,19,47,D
4656,Alice Jones,25,96,D
4657,David Miller,20,85,E
4658,David Martinez,23,48,C
4659,Bob Brown,24,86,C
4660,Bob Williams,19,70,D
4661,John Rodriguez,23,97,E
4662,Bob Garcia,18,89,E
4663,Emily Johnson,25,100,D
4664,Emily Johnson,19,93,C
4665,David Williams,19,68,C
4666,Sophia Brown,20,46,D
4667,Olivia Johnson,24,62,F
4668,Daniel Johnson,18,43,E
4669,David Smith,24,70,D
4670,Emily Williams,23,82,F
4671,Bob Martinez,19,81,B
4672,Bob Brown,23,92,A
4673,Alice Jones,23,98,C
4674,Emily Johnson,25,59,A
4675,Olivia Smith,19,46,C
4676,Daniel Davis,24,76,F
4677,Sophia Jones,25,96,C
4678,Chris Martinez,19,67,E
4679,Emily Davis,22,94,E
4680,David Williams,24,52,B
4681,Emily Garcia,22,89,C
4682,Daniel Rodriguez,18,79,D
4683,Daniel Williams,25,60,B
4684,Bob Brown,24,75,A
4685,Alice Miller,23,65,B
4686,Bob Garcia,19,43,D
4687,Daniel Martinez,18,61,B
4688,Emma Brown,23,59,F
4689,David Garcia,23,61,E
4690,Alice Williams,18,57,F
4691,Alice Smith,23,78,C
4692,David Smith,18,74,D
4693,David Martinez,19,70,C
4694,Daniel Jones,18,72,C
4695,Bob Martinez,21,70,D
4696,David Johnson,19,42,F
4697,Chris Martinez,24,95,D
4698,Daniel Jones,25,79,E
4699,Sophia Johnson,21,58,E
4700,Bob Garcia,25,81,F
4701,Olivia Martinez,21,51,F
4702,Bob Miller,22,69,E
4703,Emily Martinez,18,92,C
4704,Emma Williams,22,42,B
4705,Alice Williams,18,65,F
4706,Emma Garcia,21,99,B
4707,Emma Davis,23,71,F
4708,Sophia Martinez,24,55,C
4709,Chris Jones,18,54,A
4710,Chris Rodriguez,22,77,C
4711,Sophia Davis,22,94,D
4712,Sophia Jones,24,89,F
4713,Olivia Martinez,19,82,A
4714,Sophia Williams,22,60,D
4715,Chris Garcia,23,71,C
4716,Emma Davis,24,47,C
4717,Sophia Jones,24,100,C
4718,Chris Smith,23,64,E
4719,Emily Smith,22,46,A
4720,Sophia Brown,19,57,D
4721,John Garcia,19,54,A
4722,Daniel Garcia,23,75,B
4723,Alice Smith,18,54,B
4724,Alice Williams,25,95,A
4725,John Miller,23,99,F
4726,Olivia Jones,23,57,A
4727,David Johnson,24,83,B
4728,Sophia Davis,19,82,F
4729,Emily Martinez,23,68,B
4730,Daniel Davis,18,89,C
4731,Daniel Smith,22,99,E
4732,Alice Smith,22,100,E
4733,Chris Davis,20,52,B
4734,Alice Rodriguez,20,82,D
4735,Emily Miller,23,57,F
4736,Alice Martinez,25,58,E
4737,Bob Miller,22,72,D
4738,John Garcia,18,97,F
4739,Chris Garcia,18,94,F
4740,Emma Garcia,23,46,E
4741,Emma Davis,25,57,A
4742,John Williams,21,93,F
4743,John Brown,21,73,B
4744,Emily Brown,18,60,E
4745,Olivia Brown,20,70,D
4746,Emma Williams,24,43,A
4747,Daniel Garcia,18,74,F
4748,Sophia Garcia,25,97,B
4749,John Davis,23,89,B
4750,Emma Martinez,22,76,F
4751,Sophia Brown,22,51,A
4752,Bob Brown,24,73,B
4753,Daniel Jones,23,53,F
4754,Emily Rodriguez,25,69,E
4755,Chris Brown,21,85,C
4756,Sophia Davis,20,89,A
4757,Olivia Jones,21,62,B
4758,Emily Jones,20,49,F
4759,Alice Smith,18,53,E
4760,David Davis,19,45,C
4761,Daniel Williams,23,53,E
4762,Alice Williams,21,56,C
4763,Alice Rodriguez,24,89,C
4764,Olivia Miller,20,42,A
4765,Emma Miller,22,90,F
4766,Olivia Brown,19,48,E
4767,Sophia Williams,18,64,C
4768,Emma Rodriguez,18,88,D
4769,Olivia Jones,24,76,E
4770,Daniel Jones,24,70,E
4771,Olivia Martinez,20,63,B
4772,Daniel Martinez,22,54,C
4773,Chris Jones,20,97,C
4774,Emma Johnson,19,52,B
4775,John Williams,25,86,D
4776,David Davis,25,88,B
4777,Sophia Williams,24,82,F
4778,Sophia Smith,23,43,C
4779,Emma Miller,20,65,C
4780,Sophia Garcia,23,91,F
4781,Alice Martinez,25,53,E
4782,Sophia Rodriguez,21,48,A
4783,Bob Johnson,22,76,B
4784,Emma Smith,21,40,B
4785,Sophia Brown,22,51,B
4786,Daniel Garcia,18,60,C
4787,Olivia Rodriguez,23,49,D
4788,Sophia Smith,20,80,A
4789,Bob Williams,21,98,F
4790,Emma Martinez,25,61,B
4791,Olivia Smith,18,70,F
4792,Sophia Brown,18,93,C
4793,Emily Garcia,20,49,C
4794,David Rodriguez,21,43,D
4795,Sophia Martinez,20,54,E
4796,David Miller,24,41,D
4797,Daniel Davis,23,80,C
4798,Daniel Martinez,18,61,D
4799,Alice Davis,24,79,F
4800,Daniel Davis,21,66,C
4801,Alice Smith,20,45,C
4802,Alice Garcia,22,40,F
4803,Olivia Brown,24,61,B
4804,Chris Martinez,21,97,A
4805,Sophia Miller,24,95,D
4806,Emily Davis,20,64,F
4807,Bob Williams,22,41,F
4808,Chris Davis,19,43,A
4809,Emma Martinez,19,43,F
4810,Bob Garcia,25,40,D
4811,John Davis,20,48,B
4812,Olivia Johnson,18,73,D
4813,Emma Davis,23,56,F
4814,Emily Garcia,24,57,F
4815,Daniel Jones,22,85,D
4816,Alice Davis,23,82,B
4817,John Brown,23,82,D
4818,Alice Jones,23,65,B
4819,Alice Davis,22,80,D
4820,Sophia Brown,18,64,F
4821,Emma Smith,25,88,A
4822,Olivia Miller,25,56,F
4823,Emma Johnson,21,96,A
4824,Sophia Brown,18,100,D
4825,Emma Martinez,20,49,E
4826,Emma Williams,24,50,E
4827,David Martinez,23,66,E
4828,Daniel Miller,18,56,D
4829,Bob Johnson,22,72,C
4830,Emily Jones,20,82,B
4831,Daniel Davis,22,64,F
4832,David Jones,19,70,E
4833,Daniel Brown,24,44,E
4834,David Williams,21,52,C
4835,Chris Jones,21,75,B
4836,Emma Davis,20,74,B
4837,David Miller,19,66,E
4838,Emily Davis,23,64,C
4839,John Garcia,25,81,E
4840,Emily Johnson,24,96,B
4841,Sophia Jones,21,91,E
4842,David Miller,18,93,C
4843,Bob Smith,24,65,F
4844,Chris Williams,18,81,F
4845,Daniel Brown,25,68,C
4846,David Garcia,18,85,E
4847,Emily Williams,21,99,A
4848,Sophia Miller,20,94,B
4849,Bob Johnson,19,43,E
4850,David Smith,19,93,A
4851,Daniel Garcia,18,65,F
4852,Emily Miller,23,47,E
4853,Daniel Williams,21,56,B
4854,Olivia Williams,19,78,D
4855,David Smith,20,98,A
4856,Emily Johnson,24,87,C
4857,Chris Brown,23,49,A
4858,Alice Johnson,19,84,E
4859,Sophia Martinez,23,41,B
4860,Sophia Smith,20,78,B
4861,Alice Garcia,20,58,A
4862,Sophia Brown,18,80,F
4863,Daniel Brown,22,60,C
4864,Alice Rodriguez,24,68,D
4865,Emma Martinez,21,53,D
4866,Daniel Miller,18,52,B
4867,Chris Smith,19,86,F
4868,David Martinez,25,56,E
4869,Alice Davis,18,72,D
4870,Alice Martinez,21,95,F
4871,Daniel Davis,22,41,D
4872,Emily Miller,19,77,D
4873,Emma Miller,22,49,D
4874,Emily Jones,23,62,A
4875,Alice Miller,23,44,C
4876,Bob Davis,21,82,D
4877,John Miller,18,60,D
4878,Bob Rodriguez,23,87,F
4879,Daniel Martinez,22,83,B
4880,Daniel Davis,20,72,F
4881,Sophia Miller,22,89,E
4882,Alice Johnson,23,82,B
4883,Emily Jones,20,63,E
4884,Olivia Williams,24,88,E
4885,Chris Jones,22,95,E
4886,Chris Davis,22,67,B
4887,Daniel Jones,18,52,A
4888,Bob Rodriguez,23,59,E
4889,Olivia Brown,24,55,D
4890,David Miller,24,59,D
4891,John Garcia,19,47,C
4892,John Garcia,25,74,B
4893,Alice Rodriguez,19,40,E
4894,John Davis,19,85,C
4895,Daniel Smith,18,99,A
4896,Chris Garcia,24,59,F
4897,David Jones,19,52,A
4898,Bob Johnson,23,75,E
4899,David Smith,18,49,A
4900,Sophia Smith,22,100,D
4901,Emma Williams,21,83,E
4902,Alice Rodriguez,20,95,F
4903,Sophia Martinez,19,61,A
4904,Emily Martinez,24,65,D
4905,Emily Smith,19,76,C
4906,Bob Garcia,19,91,D
4907,Alice Davis,25,60,E
4908,Sophia Rodriguez,22,49,B
4909,David Garcia,21,52,A
4910,David Rodriguez,18,66,D
4911,Emma Rodriguez,25,64,C
4912,John Martinez,25,71,D
4913,Sophia Garcia,23,67,B
4914,Olivia Williams,20,43,E
4915,Chris Brown,18,48,A
4916,Alice Smith,22,97,D
4917,Alice Jones,18,96,F
4918,Sophia Smith,18,88,B
4919,Sophia Brown,18,71,F
4920,Emily Williams,23,64,A
4921,Alice Williams,22,43,C
4922,Chris Williams,24,57,F
4923,Chris Davis,23,50,E
4924,Emily Davis,23,94,E
4925,Emily Williams,21,67,A
4926,Bob Smith,18,53,A
4927,Daniel Jones,23,77,E
4928,Olivia Brown,20,41,A
4929,Chris Martinez,23,79,D
4930,Chris Miller,25,92,D
4931,Bob Rodriguez,24,75,F
4932,Alice Miller,21,93,D
4933,Sophia Rodriguez,25,48,A
4934,Emma Rodriguez,25,85,B
4935,John Davis,22,89,D
4936,Daniel Davis,21,43,A
4937,Daniel Martinez,23,78,A
4938,Chris Johnson,24,68,F
4939,Daniel Johnson,22,52,E
4940,Chris Johnson,20,98,E
4941,Sophia Rodriguez,25,81,E
4942,John Jones,24,75,A
4943,Chris Jones,24,82,B
4944,Chris Smith,21,65,D
4945,Sophia Miller,18,69,D
4946,Emma Martinez,18,96,A
4947,Bob Johnson,19,91,B
4948,Alice Williams,19,98,C
4949,Emily Martinez,22,66,B
4950,Sophia Miller,25,84,B
4951,David Smith,24,48,D
4952,Bob Rodriguez,18,83,E
4953,John Smith,25,71,A
4954,Sophia Smith,20,78,B
4955,Emily Garcia,24,98,A
4956,Alice Smith,18,80,C
4957,Alice Jones,18,81,F
4958,Alice Garcia,24,42,D
4959,David Brown,24,91,F
4960,Sophia Garcia,23,74,A
4961,John Rodriguez,23,44,B
4962,John Jones,19,78,A
4963,Olivia Williams,21,83,D
4964,Olivia Miller,24,70,D
4965,Alice Miller,20,89,A
4966,Emily Smith,18,70,E
4967,Alice Davis,20,62,A
4968,Emily Brown,24,40,B
4969,Olivia Brown,23,42,B
4970,Olivia Brown,25,66,B
4971,Alice Davis,23,73,C
4972,David Davis,21,89,D
4973,Daniel Johnson,18,49,D
4974,Olivia Brown,19,74,F
4975,Daniel Brown,18,70,B
4976,Olivia Smith,19,40,A
4977,Bob Garcia,22,94,B
4978,Alice Martinez,23,77,D
4979,Sophia Rodriguez,21,60,C
4980,Sophia Smith,24,58,D
4981,Daniel Brown,20,91,C
4982,John Williams,18,95,E
4983,Chris Garcia,25,76,E
4984,Bob Garcia,21,42,B
4985,Emma Jones,19,64,F
4986,David Brown,22,48,D
4987,Sophia Garcia,19,73,E
4988,John Garcia,21,82,D
4989,Emma Jones,18,94,D
4990,Alice Williams,20,97,E
4991,Sophia Miller,19,82,C
4992,Alice Johnson,20,67,F
4993,Emily Garcia,18,81,C
4994,Emily Davis,21,49,E
4995,Emma Miller,18,48,F
4996,Daniel Garcia,18,73,D
4997,Chris Brown,24,96,F
4998,Alice Martinez,22,53,C
4999,Alice Rodriguez,25,52,B
5000,Bob Brown,18,47,C
